ids,mols,y
265473,CCCCC1(CC)C(=O)NC(=O)NC1=O,0
265383,CCCCOC(=O)CCC(C)=O,0
265483,CCC1(CC)C(=O)NC(=O)NC1=O,0
265471,C=CCC1(CC=C)C(=O)NC(=O)NC1=O,0
265486,CC1(C2=CC=CC=C2)C(=O)NC(=O)NC1=O,0
265474,C=CCC1(CC(C)C)C(=O)NC(=O)NC1=O,0
265479,O=C(O)C(O)(C1=CC=CC=C1)C1=CC=CC=C1,0
265456,O=C1CC(C2=CC=C(O)C=C2)OC2=CC(O)=CC(O)=C12,0
265322,CCCCCCCCCCCCCCCCCC(=O)OCCOCC(OCCOC)C1OCC(OCCOC)C1OCCOC,0
265262,COC1=C(O)C=CC(C2=CC(=O)C3=C(O)C=C(O)C=C3O2)=C1,0
265244,O=C1C=C(C2=CC=C(O)C(O)=C2)OC2=CC(O)=CC=C12,0
265264,O=C1C=C(C2=CC=C(O)C=C2)OC2=C1C(O)=CC(O)=C2,0
265272,CCCCN(CCCC)CCN1C(=O)C2=CC=CC=C2S1(=O)=O,0
265370,NCCS(=O)(=O)O,0
265328,CCCCCCCCC=CCCCCCCCC(=O)OCCOCC(OCCO)C1OCC(OCCO)C1OCCO,0
265251,COC1=CC=C2OC(C3=CC=C(O)C=C3)=CC(=O)C2=C1,0
265355,CCCOC(C)=O,0
265271,CCN(CC)C1=NS(=O)(=O)C2=CC([N+](=O)[O-])=CC=C21,0
265285,NC(CC1=CC=CC=C1)C(=O)NC(CC1=CC=CC=C1)C(=O)NC(CC1=CC=CC=C1)C(=O)O,0
265348,C=C(C)CCCC(C)CCOC(C)=O,0
265255,O=C1C=C(C2=CC=CC=C2)OC2=CC=CC=C12,0
265246,O=C1C=C(C2=CC(O)=C(O)C(O)=C2)OC2=C1C(O)=CC(O)=C2,0
265323,C=C(C)CCCC(C)CCOC(=O)CC(C)C,0
265314,COC1=CC=C2C=C3C4=CC5=C(C=C4CC[N+]3=CC2=C1OC)OCO5,0
265360,CC1=CC=C(C(C)C)CC1,0
265362,COC1=CC(C)=CC=C1O,0
265284,CC(C)C1=CC=C(C=NO)C=C1,0
265258,O=C1C=C(C2=CC=C(O)C=C2)OC2=CC(O)=CC=C12,0
265311,COC1=CC=C(C2=CC(=O)C3=C(OC)C(OC)=C(OC)C(OC)=C3O2)C=C1,0
265253,O=C1C=C(C2=CC=CC=C2)OC2=C1C(O)=CC=C2,0
265248,COC1=C(O)C=C2OC(C3=CC(O)=C(O)C=C3)=CC(=O)C2=C1O,0
265277,O=C1NS(=O)(=O)C2=CC=C([N+](=O)[O-])C=C12,0
265332,CC(=O)OC(C)C1=CC=CC=C1,0
265318,OC1=CC=C(C2COC3=CC(O)=CC=C3C2)C=C1,0
265201,O=C1C2=CC=CC=C2OC2=CC=CC=C12,0
265205,O=C1C(C2=CC=C(O)C=C2)=COC2=C(O)C(O)=CC=C12,0
265259,O=C1C=C(C2=CC=C(O)C=C2)OC2=CC=C(O)C=C12,0
265236,O=C1C(O)=C(C2=CC=C(O)C=C2O)OC2=C1C(O)=CC(O)=C2,0
265203,OC1=CC=C(C=CC2=CC(O)=CC(O)=C2)C=C1,0
265211,COC1=CC=C(C2=COC3=C(C=CC(O)=C3)C2=O)C=C1,0
265231,O=C1CC(C2=CC=C(O)C(O)=C2)OC2=CC(O)=CC(O)=C12,0
265234,O=C1C(O)=C(C2=CC=C(O)C(O)=C2)OC2=C1C(O)=C(O)C(O)=C2,0
265227,O=C1CC(C2=CC=CC=C2)OC2=CC(O)=CC(O)=C12,0
265263,O=C1C=C(C2=CC=CC=C2)OC2=C1C(O)=CC(O)=C2,0
265232,O=C1C2=CC=C(O)C=C2OC(C2=CC=C(O)C=C2)=C1O,0
265281,CCCCN1C(=O)C2=C(C=C([N+](=O)[O-])C=C2)S1(=O)=O,0
265245,O=C1C=C(C2=CC=CC=C2O)OC2=C1C(O)=CC(O)=C2,0
265243,COC1=CC=C(C2=CC(=O)C3=C(OC)C=C(OC)C=C3O2)C=C1,0
265198,C/C=C(\C)C(=O)OC1CC2C(CC=C3CC(O)CCC32C)C2(O)CCC(C(C)=O)C12C,0
265292,OB(O)C=CC1=CC=C(Cl)C=C1,0
265218,O=C(C=CC1=CC=C(O)C=C1)C1=C(O)C=C(O)C=C1,0
265199,C/C=C(/C)C(=O)OC1CC2C(CC=C3CC(OC4CC(OC)C(OC5CC(OC)C(OC6OC(C)C(O)C(OC)C6O)C(C)O5)C(C)O4)CCC32C)C2(O)CCC(C(C)=O)C12C,0
265267,CC1(C)C(=O)CCC2(C)C3CCC4CC3(CCC12)CC4(O)COC1OC(CO)C(O)C(O)C1O,0
265293,CC(C)CC(NC(=O)C(N)CC1=CNC2=CC=CC=C12)C(=O)O,0
265223,O=C(C=CC1=CC=C(O)C(O)=C1)C1=CC=C(O)C=C1O,0
265274,C=CCN1C(=O)C2=CC=C([N+](=O)[O-])C=C2S1(=O)=O,0
265280,CC(C)N1C(=O)C2=CC=C([N+](=O)[O-])C=C2S1(=O)=O,0
265254,COC1=CC(O)=C2C(=O)C=C(C3=CC=C(O)C=C3)OC2=C1,0
265247,O=C1C=C(C2=CC=C(O)C=C2)OC2=C1C(O)=C(O)C(O)=C2,0
265273,CN1C(=O)C2=CC=C(S(N)(=O)=O)C=C2S1(=O)=O,0
265202,O=C1C(=CC2=CC(O)=C(O)C=C2)OC2=CC(O)=CC=C12,0
265269,CCN(CC)CCCN1S(=O)(=O)C2=CC=CC=C2S1(=O)=O,0
265186,O=C(O)C1=C(OC(=O)C2=CC=CC=C2O)C=CC=C1,0
265238,COC1=CC(C2=C(O)C(=O)C3=C(O)C=C(O)C=C3O2)=CC=C1O,0
265268,CCCCN(CCCC)CCN1S(=O)(=O)C2=CC=CC=C2S1(=O)=O,0
265215,O=C(CCC1=CC=C(O)C=C1)C1=C(O)C=C(O)C=C1O,0
265266,C=C1C(=O)C23CCC4C(C)(C)CC(OOC5OC(CO)C(O)C(O)C5O)CC4(C)C2CCC1C3,0
265200,COC1=CC=C(O)C=C1,0
265222,O=C(C=CC1=CC=CC=C1)C1=CC=CC=C1,0
265240,O=C1C(O)=C(C2=CC=C(O)C(O)=C2)OC2=C1C(O)=CC(O)=C2O,0
265249,O=C1C=C(C2=CC(O)=C(O)C=C2)OC2=C1C(O)=CC(O)=C2,0
265188,CC1=CC=CN2C(=O)C(C3=NNN=N3)=CN=C12,0
265260,O=C1C=C(C2=CC=C(O)C=C2)OC2=C1C(O)=CC=C2,0
265214,CC(=O)OCC1OC(OC2=CC(O)=C3C(=O)C(C4=CC=C(O)C=C4)=COC3=C2)C(O)C(O)C1O,0
265206,O=C1C(C2=CC=C(O)C=C2)=COC2=CC(O)=C(O)C=C12,0
265252,O=C1C=C(C2=CC=C(O)C=C2)OC2=CC=CC=C12,0
265278,O=C1C2=CC=C([N+](=O)[O-])C=C2S(=O)(=O)N1SC(Cl)(Cl)Cl,0
265256,COC1=C(OC)C=C2C(=O)C=C(C3=CC=CC=C3)OC2=C1,0
265229,COC1=CC(C2CC(=O)C3=C(C=C(O)C=C3O)O2)=CC=C1O,0
265207,O=C1C(C2=CC=CC=C2)=COC2=CC=CC=C12,0
265276,CCN(CC)CCN1C(=O)C2=CC=CC=C2S1(=O)=O,0
265225,COC1=CC(C2OC3=CC(C4OC5=CC(O)=CC(O)=C5C(=O)C4O)=CC=C3OC2CO)=CC=C1O,0
265194,O=C(O)C1=CC=C2OCOC2=C1,0
265289,CC(C)CC(NC(=O)CN)C(=O)O,0
265287,CC(C)CC(NC(=O)C(N)CC1=CC=CC=C1)C(=O)O,0
265294,NC(CC1=CC=CC=C1)C(=O)NC(CC1=CNC2=CC=CC=C12)C(=O)O,0
265265,OCC1OC(OC2=CC=CC=C2)C(O)C(O)C1O,0
265224,O=C1C2=C(O)C=C(O)C=C2OC(C2=CC=C(O)C(O)=C2)C1O,0
265299,O=S=O,0
265367,OCCC1=CC=CC=C1,0
265304,O=C1C(C2=CC=C(O)C=C2)=COC2=CC(OC3OC(CO)C(O)C(O)C3O)=CC=C12,0
265399,CC(C)CCCC(C)CCO,0
265380,CC(=O)OCC(OC(C)=O)C(OC(C)=O)C(OC(C)=O)C(C=O)OC(C)=O,0
265306,O=C(OC1CC2=C(O)C=C(O)C=C2OC1C1=CC=C(O)C(O)=C1)C1=CC(O)=C(O)C(O)=C1,0
265327,CCCCCCCCCCC=CC=O,0
265329,CC(C)=CCCC(C)=CCO,0
265427,CC1=CC=CC=N1,0
265319,O=C1C(C2=CC=C(O)C=C2)=COC2=CC(O)=CC=C12,0
265361,CC1=CCC(C(C)C)=CC1,0
265330,CC1=CCC(C(C)(C)OC(=O)CC(C)C)CC1,0
265407,CC(C)CCOC(=O)C1=CC=CC=C1O,0
265344,CC(=O)CCC=C(C)C,0
265379,CC12CCC(CC1=O)C2(C)C,0
265374,OCC=CC1=CC=CC=C1,0
265337,COC(CC1=CC=CC=C1)OC,0
265377,CC(C)=CCCC(C)=CC=O,0
265309,COC1=CC=C(C2=CC(=O)C3=C(OC)C(OC)=C(OC)C=C3O2)C=C1OC,0
265351,COC(=O)C1=CC=CC=C1N,0
265430,CC12C=CC(=O)C=C1CCC1C2C(=O)CC2(C)C1CCC2(O)C(=O)CO,0
265424,CCCC1CC(C(=O)NC(C(C)Cl)C2OC(SC)C(O)C(O)C2O)N(C)C1,0
265359,CC(C)C(=O)OCCC1=CC=CC=C1,0
265421,CCC1OC(=O)C(C)C(OC2CC(C)(OC)C(O)C(C)O2)C(C)C(OC2OC(C)CC(N(C)C)C2O)C(C)(OC)CC(C)C(=O)C(C)C(O)C1(C)O,0
265410,CN1C2CCC1CC(OC(=O)C(CO)C1=CC=CC=C1)C2,0
265448,COC1=C(CC2OC2(C)C)C2=C(C=CC(=O)O2)C=C1,0
265413,C1CCN2CC3CC(CN4CCCCC34)C2C1,0
265440,O=C1C=CC2=C(C=C(O)C=C2)O1,0
265417,CC(=S)NC1=CC=CC=C1,0
265324,CC(C)C(C=O)C1=CC=CC=C1,0
265295,CC(C)CC(N)C(=O)NC(CC1=CNC2=CC=CC=C12)C(=O)O,0
265446,O=C1CC(C2=CC=C(O)C=C2)OC2=CC(OC3OC(CO)C(O)C(O)C3O)=CC(O)=C12,0
265416,C=CC1CNC(=S)O1,0
265392,CC(C)=CCCC(C)CCO,0
265432,COC1=CC=C2N=C(S(=O)CC3=C(C)C(OC)=C(C)C=N3)NC2=C1,0
265397,CCOC=O,0
265320,O=C1C(C2=CC=C(O)C=C2)=COC2=C1C(O)=CC(O)=C2,0
265450,C=C(CO)C(=O)OC1CC(=C)C2CC(O)C(=C)C2C2OC(=O)C(=C)C12,0
265305,O=C1C(C2=CC=C(O)C=C2)=COC2=CC(OC3OC(CO)C(O)C(O)C3O)=CC(O)=C12,0
265431,CC1CC2C3CCC4=CC(=O)C=CC4(C)C3(F)C(O)CC2(C)C1(O)C(=O)CO,0
265441,CCCCCCCCCC(=O)OCC(O)CO,0
265372,CCC(=O)OCC=C(C)CCC=C(C)C,0
265331,CCCCCCCCCCCC(=O)OCCOCC(OCCO)C1OCC(OCCO)C1OCCO,0
265449,O=C(O)C1=CC(O)=C(O)C(O)=C1,0
265335,C=C(C)CCCC(C)CCOC=O,0
265302,C=CC(O)CC(=NOS(=O)(=O)O)SC1OC(CO)C(O)C(O)C1O,0
265409,O=C(O)COCCN1CCN(C(C2=CC=CC=C2)C2=CC=C(Cl)C=C2)CC1,0
265357,O=COCCC1=CC=CC=C1,0
265445,O=C(C=CC1=CC=CC=C1)OC1CCN2CC3CC(CN4C(=O)CCCC34)C2C1,0
265298,CC(NC(=O)C(N)CC(=O)O)C(=O)NC1C(C)(C)SC1(C)C,0
265312,O=C(OC1CC2=C(O)C=C(O)C=C2OC1C1=CC(O)=C(O)C(O)=C1)C1=CC(O)=C(O)C(O)=C1,0
265420,C=CC1CN2CCC1CC2C(O)C1=CC=NC2=CC=CC=C21,0
265313,CC12C=CC(=O)C=C1CCC1C2C(O)CC2(C)C1CCC2(O)C(=O)CO,0
265310,COC1=CC=C(C2=CC(=O)C3=C(OC)C(OC)=C(OC)C(OC)=C3O2)C=C1OC,0
265300,C#N,0
265442,COC1=C2C(=CC(F)=C1N1CCNC(C)C1)C(=O)C(C(=O)O)=CN2C1CC1,0
265387,CCCCC(O)CC,0
265347,CCCCCCCCCO,0
265398,CC(O)CCO,0
265419,OCC1CCCN2CCCCC12,0
265415,CCOC(=O)C(CCC1=CC=CC=C1)NC(C)C(=O)N1CCCC1C(=O)O,0
265308,OC1=CC(O)=C2CC(O)C(C3=CC(O)=C(O)C=C3)OC2=C1,0
265307,OC1=CC(O)=C2CC(O)C(C3=CC(O)=C(O)C(O)=C3)OC2=C1,0
265342,C=CC(O)CC,0
265423,CC(=O)C1=NC=CN=C1,0
265315,O=C1CCCC2=CC=CC=C12,0
265422,CC(CCC1=CC=CC=C1)NCC(O)C1=CC=C(O)C(C(N)=O)=C1,0
265502,CC12CCC(C(S(=O)(=O)O)C1=O)C2(C)C,0
265459,CCN(CC)CCOC(=O)C1=CC=C(N)C=C1Cl,0
265556,CC1=CC(NS(=O)(=O)C2=CC=C(N)C=C2)=NO1,0
265597,CCC1(CC)C(=O)CCNC1=O,0
265533,C1=CC=C(CC2=NCCN2)C=C1,0
265492,CC1=CC(=O)CC(C(C)C)C1,0
265480,CC(C)(C)CC(C)(C)C1=CC=C(OCCOCC[N+](C)(C)CC2=CC=CC=C2)C=C1,0
265550,C=CC1C(OC2OC(CO)C(O)C(O)C2O)OC=C2C(=O)OCCC21O,0
265455,CC(CN1C2=CC=CC=C2SC2=C1C=CC=C2)N(C)C,0
265595,CC(C)=CCCC(C)=CCCC(=CCCC(C)=CCO)CO,0
265452,CCC1CN2CCC3=CC(OC)=C(OC)C=C3C2CC1CC1NCCC2=CC(OC)=C(OC)C=C21,0
265523,COC1=CC(CC2=C(N)N=C(N)N=C2)=CC(OC)=C1OC,0
265462,OC(O)C(Cl)(Cl)Cl,0
265467,CN(C)CCOC(C1=CC=C(Cl)C=C1)C1=NC=CC=C1,0
265546,CCCCNC1=CC=C(C(=O)OCCN(C)C)C=C1,0
265489,C=CCC1(C(C)(C)CC)C(=O)NC(=O)NC1=O,0
265532,CC1(C)OC2COC3(COS(N)(=O)=O)OC(C)(C)OC3C2O1,0
265569,NC(=O)C1=C(O)C=CC=C1,0
265528,CCCC(=O)OCC(COC(=O)CCC)OC(=O)CCC,0
265477,CC(=O)OC1CC2(O)C3CCC4CC(OC(=O)CCCCCCC(=O)NC(CCCN=C(N)N)C(=O)O)CCC4(C)C3CCC2(C)C1C1=CC(=O)OC=C1,0
265463,CC(CCC(=O)O)C1CCC2C3C(O)CC4CC(O)CCC4(C)C3CCC12C,0
265529,CC(=O)OCC(COC(C)=O)OC(C)=O,0
265543,CC[N+](CC)(CC)CC,0
265545,CCN1CC2(COC)C(O)CC(OC)C34C5CC6(O)C(O)C5C(O)(C(O)C6OC)C(C(OC)C23)C14,0
265454,CN1CCCC1C1=CC=CN=C1,0
265571,OCC1=CC=CC=C1OC1OC(CO)C(O)C(O)C1O,0
265565,CC=C1CC(C)C(C)(O)C(=O)OCC2=CCN3CCC(OC1=O)C23,0
265500,CC(CC(C)(C)O)OC(O)C(Cl)(Cl)Cl,0
265469,O=S(=O)(O)C1=CC=C(O)C=C1,0
265511,O=C(NC1=CC=CC=C1)OCC(CN1CCCCC1)OC(=O)NC1=CC=CC=C1,0
265517,CC(C)C1=C(O)C(O)=C2C(=C1)C1CC3C(C)(C)CCCC23C(=O)O1,0
265581,C1=CNN=C1,0
265507,CCC(C)(O)C(=O)OC1C(=O)OC2CC3C(C)=CC(O)C(O)C3(C)C3C4(O)OCC23C1C(C)C4O,0
265478,CC[N+](C)(C)CC1=CC=CC=C1Br,0
265553,O=C1OC(C2=CC(S(=O)(=O)O)=C(O)C=C2)(C2=CC(S(=O)(=O)O)=C(O)C=C2)C2=C(Br)C(Br)=C(Br)C(Br)=C12,0
265552,CCC(C)(S(=O)(=O)CC)S(=O)(=O)CC,0
265576,C1=CC=C2N=CN=CC2=C1,0
265590,C=C(Br)CC1(C(C)C)C(=O)NC(=O)NC1=O,0
265577,CCN(CC)CCCC(C)NC1=C2C=C(OC)C=CC2=NC2=CC(Cl)=CC=C21,0
265561,[Sr+2],0
265596,OC(C1=CC=CC=C1)(C1=CC=CC=C1)C1CCCCN1,0
265495,CC(=O)N(C)N(C(=O)C(=O)N(C)C)C1=CC=CC=C1,0
265534,CCOC(=O)C1=C(N)SC2=C1CCN(CC1=CC=CC=C1)C2,0
265604,C1=CC=C(N(CCN2CCCCC2)CC2=NC=CC=C2)C=C1,0
265537,O=C1C=CNC(=S)N1,0
265563,O=S(=O)(O)C1=C(O)C=CC=C1,0
265594,O=S(=O)(O)C1=C(OCO)C=CC=C1,0
265482,CCC1(CC)C(=O)N=C(O)NC1=O,0
265519,C=CC1CNCCC1CCC(=O)C1=CC=NC2=CC=C(OC)C=C21,0
265676,COC1=C2OC(C)=CC(=O)C2=C(OC)C2=C1OC=C2,0
265681,CN(C)C=NC1=C(I)C(CCC(=O)O)=C(I)C=C1I,0
265722,CN1C(=O)C2=C(N=CN2CC(O)CO)N(C)C1=O,0
265700,CCC1(CCC(C)C)C(=O)NC(=O)NC1=O,0
265621,CC(=O)CCCCN1C(=O)C2=C(N=CN2C)N(C)C1=O,0
265646,COC1=CC=C(C2=CC(=S)SS2)C=C1,0
265755,CCOC(=O)CC(O)(CC(=O)OCC)C(=O)OCC,0
265618,CCOC1=CC=C(NC(C)=O)C=C1,0
265641,C1=CC=C2C(=C1)C=CC=C2CC1=NCCN1,0
265680,CCC(C)C(N)C(=O)O,0
265637,CCN(CC)C(=O)C1=CC=CN=C1,0
265623,OCCCCCO,0
265724,CCCCCCCCCCCC[N+](C)(C)CCOC1=CC=CC=C1,0
265723,COC1=CC=C2CC3N(C)CCC4(CC(O)CCC34O)C2=C1OC,0
265678,CC(C)O,0
265608,O=C(CCC1=CC=C(O)C=C1)C1=C(OC2OC(CO)C(O)C(O)C2O)C=C(O)C=C1O,0
265707,OCC1OC(OCC2OC(O)C(O)C(O)C2O)C(O)C(O)C1O,0
265746,C=C(C)C1C2CC3(C)C4(CO4)C4OC4C3(O)C1C(=O)O2,0
265677,CC(COC1=CC=CC=C1)NC(C)C(O)C1=CC=C(O)C=C1,0
265744,CNCC(C)C1CCCCC1,0
265615,NC(=S)NC1=C2C=CC=CC2=CC=C1,0
265638,O=C(CCNNC(=O)C1=CC=NC=C1)NCC1=CC=CC=C1,0
265714,CCC(=O)N(C1=CC=CC=C1)C1CCN(CCC2=CC=CC=C2)CC1,0
265679,O=C(O)C(O)C(O)C(O)C(O)C(=O)O,0
265640,COC1=CC(C)C2CC3OC(O)CC4C(C)=C(OC)C(=O)C(C2(C)C1=O)C34C,0
265698,COC1=CC=CC=C1OCC(O)CO,0
265696,C=C1C(=O)OC2CC(C)C3C=CC(=O)C3(C)C(O)C12,0
265756,CC(C(O)C1=CC=CC=C1)N(C)CC=CC1=CC=CC=C1,0
265622,CCCC(C)C1(CC)C(=O)N=C(O)NC1=O,0
265735,O=C1C2=CC=CC=C2OC(O)=C1CC1=C(O)OC2=C(C=CC=C2)C1=O,0
265659,CCCC(C)(COC(N)=O)COC(N)=O,0
265647,CCC1(CC)C(=O)NCC(C)C1=O,0
265759,CC1=CC=CC=C1C(OCCN(C)C)C1=CC=CC=C1,0
265712,COC1=C(O)C(OC2OC(CO)C(O)C(O)C2O)=C2OC(=O)C=CC2=C1,0
265760,CC12CCC(=O)C=C1CCC1C2C(O)CC2(C)C1CCC2(O)C(=O)CO,0
265762,C=C(C(=O)OC1CC(C)=CCCC(CO)=CC2OC(=O)C(=C)C21)C(O)CO,0
265761,C=C1C(=O)OC2C1CC=C1CC(C)(CCC1OO)C2O,0
265616,COC1=CC=C(NC(C)=O)C=C1,0
265606,CCOC(=O)C1=CC=CC=C1C(=O)OCC,0
265652,CCC(NC)C1=CC=CC=C1OC,0
265617,NC1=NC(N)=C(N=NC2=CC=CC=C2)C=C1,0
265733,O=C(O)C1=CC(I)=CC(I)=C1O,0
265624,N=C(N)C1=CC=C(OCCCCCOC2=CC=C(C(=N)N)C=C2)C=C1,0
265701,N#CCCCC#N,0
265693,CC[N+]1=C2C=C(N)C=CC2=C2C=CC(N)=CC2=C1C1=CC=CC=C1,0
265751,CCN(CCCC1=CC=CC=C1)CCCC1=CC=CC=C1,0
265612,CC1=CC=C(N(CC2=NCCN2)C2=CC=C(O)C=C2)C=C1,0
265650,O=C(O)C1=CC(CC2=CC=C(O)C(C(=O)O)=C2)=CC=C1O,0
265689,OCCOCCN1CCN(C(C2=CC=CC=C2)C2=CC=C(Cl)C=C2)CC1,0
265683,CCC1=CC=C(C(=O)C(C)CN2CCCC2)C=C1,0
265731,CC1=CC=C2CC3C4CCCCC4(CCN3C)C2=C1,0
265627,CC(=O)OC1CC2CCC3C(CCC4(C)C3CC([N+]3(C)CCCCC3)C4OC(C)=O)C2(C)CC1[N+]1(C)CCCCC1,0
265736,NCC1CCC(N)C(OC2C(N)CC(N)C(OC3OC(CO)C(O)C(N)C3O)C2O)O1,0
265732,COC1=CC=C(C2SC3=CC=CC=C3N(CCN(C)C)C(=O)C2OC(C)=O)C=C1,0
265737,CC(CN1CCOCC1)C(C(=O)N1CCCC1)(C1=CC=CC=C1)C1=CC=CC=C1,0
265747,CC1C2CCC3C4CC=C5CC(N(C)C)CCC5(C)C4CCC32CN1C,0
265610,CNCC(O)C1=CC(O)=CC=C1,0
265665,CC(O)C(=O)O,0
265800,CC(C)=CCC(=O)C1(O)C(O)=C(C(=O)CC(C)C)C(=O)C1CC=C(C)C,0
265802,CCC(C)C(=O)C1=C(O)C(CC=C(C)C)(CC=C(C)C)C(=O)C(CC=C(C)C)=C1O,0
265791,CC[N+](CC)(CC(=O)NC1=C(C)C=CC=C1C)CC1=CC=CC=C1,0
265844,CC(C)=CCC1=C(O)C(O)(CC=C(C)C)C(=O)C(C(=O)CC(C)C)=C1O,0
265648,CC1=CC(=O)NC(=S)N1,0
265835,C=C1CCC2C(=C)C(=O)OC2C=C(C)CCC1O,0
265805,COC1=CC(O)=C(CC=C(C)C)C(O)=C1C(=O)C=CC1=CC=C(O)C=C1,0
265793,COC1=CC=C2C(=CC1=O)C(NC(C)=O)CCC1=C2C(OC)=C(OC)C(OC)=C1,0
265781,O=CC1=CC=CC=C1OC1OC(CO)C(O)C(O)C1O,0
265782,OCC1OC(OC2=CC=C(O)C=C2)C(O)C(O)C1O,0
265848,O=CC1=CC=CC=C1,0
265816,O=C(O)C1=C(NC2=CC(C(F)(F)F)=CC=C2)C=CC=C1,0
265808,CC(C)=CCC1=C(O)C(O)(CC=C(C)C)C(=O)C(C(=O)C(C)C)=C1O,0
265769,S=C=NCCC1=CC=CC=C1,0
265823,CCCC(C)(COC(N)=O)COC(=O)NC(C)C,0
265846,CC(C)=CCC1=C(O)C(CC=C(C)C)(CC=C(C)C)C(=O)C(C(=O)CC(C)C)=C1O,0
265809,CCC(C)C(=O)C1=C(O)C(O)(CC=C(C)C)C(=O)C(CC=C(C)C)C1=O,0
265817,C=CS(=O)C=C,0
265814,O=C(O)C1=CC=CC=C1,0
265795,CC1C(=O)CC2(C(C)C)CC12,0
265792,NC1=CC=C(S(=O)(=O)C2=CC=C(N)C=C2)C=C1,0
265843,O=C(C1=CC=CC=C1)C(O)C1=CC=CC=C1,0
265336,C=CC(C)(CCC=C(C)C)OC=O,0
265815,O=C(CCCN1CCC(O)(C2=CC=C(Cl)C=C2)CC1)C1=CC=C(F)C=C1,0
265839,CC1=CC2C3C4C(=C(C)C3C13C1OC(=O)C(C)C1CCC(C)(O)C23)C1OC(=O)C(C)C1CCC4(C)O,0
265826,COC1=CC(C)C2CC3OC(=O)CC4C(C)=C(OC)C(=O)C(C2(C)C1=O)C34C,0
265832,O=C1C=CC2=C(C=CC=C2)O1,0
265785,O=C1CC2OCC=C3CN4CCC56C7=C(C=CC=C7)N1C5C2C3CC46,0
265779,CC(=O)NC(N)=S,0
265776,CN(C)C=S,0
265838,CC1=CCC23OC2(C)CCC2C(C)C(=O)OC2C13,0
265836,COC1=CC=CC2=C1C=C([N+](=O)[O-])C1=C(C(=O)O)C=C3OCOC3=C21,0
265773,S=C1NCCN1,0
265824,NC(=O)C1=CC=CC=C1,0
265850,CC(C)=CCC1C(=O)C(C(=O)CC(C)C)=C(O)C(O)(CC=C(C)C)C1=O,0
265807,CC(C)=CCC1=C(O)C(CC=C(C)C)(CC=C(C)C)C(=O)C(C(=O)C(C)C)=C1O,0
265818,S=C(NC1=CC=CC=C1)NC1=CC=CC=C1,0
265834,CN1C=NC2=C1C(=O)N(C)C(=O)N2C,0
265825,CN1C=NC([N+](=O)[O-])=C1SC1=C2NC=NC2=NC=N1,0
265790,C1=CN=C2C(=C1)C=CC1=CC=CN=C12,0
265767,CCCC1=CC(=O)NC(=S)N1,0
265783,N#CC(OC1OC(COC2OC(CO)C(O)C(O)C2O)C(O)C(O)C1O)C1=CC=CC=C1,0
265768,NC(=S)NC1=CC=CC=C1,0
265775,CCC1=NC=CN=C1,0
265820,CN(C)CCOC(C1=CC=CC=C1)C1=CC=CC=C1,0
265770,CNC(N)=S,0
265830,C=CC(O)C#CC#CC(O)C=CCCCCCCC,0
265803,N#CS,0
265828,COC1=CC=C(CC2=C3C=C(OC)C(OC)=CC3=CC=N2)C=C1OC,0
265771,CN1C=CNC1=S,0
265777,O=C1CCCCCN1,0
265796,C=C(C)C1C2OC(=O)C1C1(O)CC3OC34C(=O)OC2C14C,0
265774,CCNC(N)=S,0
265806,COC1=C2C(=O)CC(C3=CC=C(O)C=C3)OC2=C(CC=C(C)C)C(O)=C1,0
265833,CC(=O)OC1CC2(C)C(CCC(O)C2(C)O)C(C=O)(CC(O)C2=COC=C2)C1C,0
265766,CC(=O)NC1=CC=C(O)C=C1,0
265819,OC(CCCN1CCCCC1)(C1=CC=CC=C1)C1=CC=CC=C1,0
265787,CC1CC(C)C(=O)C(C(O)CC2CC(=O)NC(=O)C2)C1,0
265786,CCC1OC(=O)C(C)C(OC2CC(C)(OC)C(O)C(C)O2)C(C)C(OC2OC(C)CC(N(C)C)C2O)C(C)(O)CC(C)C(=O)C(C)C(O)C1(C)O,0
265794,COC1=C(OC)C=C2C(=C1)N1C(=O)CC3OCC=C4CN5CCC26C5CC4C3C16,0
265763,C=C1CCC2C(C)(CO)C(O)CCC2(C)C1CC=C1C(=O)OCC1O,0
265799,CCC(C)C(=O)C1=C(O)C(O)(C(=O)CC=C(C)C)C(CC=C(C)C)C1=O,0
265837,C=C1C(=O)OC2C1CCC1(C)OC13CC=C(C)C23,0
265812,O=C(NC(CO)C(O)C1=CC=C([N+](=O)[O-])C=C1)C(Cl)Cl,0
265811,COC(=O)C1C(O)CCC2CN3CCC4=C(NC5=CC=CC=C54)C3CC21,0
265810,C=CC1C(OC2OC(CO)C(O)C(O)C2OC(=O)C2=C(O)C=C(O)C=C2C2=CC=CC(O)=C2)OC=C2C(=O)OCCC21,0
265804,COC1=CC=C2CC3C4CCCCC4(CCN3C)C2=C1,0
265801,CC(C)=CCC(=O)C1(O)C(O)=C(C(=O)C(C)C)C(=O)C1CC=C(C)C,0
265827,C=C1C(=O)OC2C1CCC(C)=CCCC1(C)OC21,0
265340,CCC(C)C(=O)OC1CC(C)CCC1C(C)C,0
265913,C=C1C(=O)O[C@@H]2[C@H]3C(CO)=CC(=O)C3=C(C)C[C@H](OC(=O)CC3=CC=C(O)C=C3)[C@@H]12,0
265921,C[C@H](CCC1=CC=C(O)C=C1)O[C@@H]1O[C@H](CO)[C@@H](O)[C@H](O)[C@H]1O,0
265894,C[C@@H]1C(=O)C[C@@H](C(C)(C)O)O[C@@H]2C[C@@]3(C)[C@@H]4CC=C5[C@@H](C=C(O)C(=O)C5(C)C)[C@]4(C)C(=O)C[C@]3(C)[C@@H]12,0
265923,CC(C)=CC[C@H]1C(=O)[C@H](C(=O)CC(C)C)C(=O)C(CC=C(C)C)(CC=C(C)C)C1=O,0
265886,COC1=C[C@@H](C)[C@@H]2C[C@H]3O[C@H](O)C[C@H]4[C@](C)(O)[C@H](OC)[C@@H](O)[C@H]([C@@]2(C)C1=O)[C@@]34C,0
265898,CC(=O)OC(C)(C)/C=C/C(=O)[C@](C)(O)[C@H]1[C@H](O)C[C@@]2(C)[C@@H]3CC=C4[C@@H](CC[C@H](O)C4(C)C)[C@]3(CO)C(=O)C[C@]12C,0
265890,CC[C@](C)(O)C(=O)O[C@H]1C(=O)O[C@@H]2C[C@H]3C(C)=C[C@H](O)[C@@H](O)[C@]3(C)[C@@H]3[C@@]24CO[C@@]3(O)[C@H](O)[C@H](C)[C@H]14,0
265912,CC(=O)OC[C@@]12[C@H](CCC[C@]13CO3)[C@@]1(C[C@@H](C3=COC=C3)OC1=O)[C@H](C)C(=O)[C@@H]2OC(C)=O,0
265954,CCOC(=O)/C=C/C1=CC(O[Si](C)(C)C)=C(O[Si](C)(C)C)C=C1,0
265956,CCOC(=O)C1=CC(O)=C(O)C(O)=C1,0
265936,C=C1C[C@]23CC[C@@H]4[C@](C)(C(=O)O[C@@H]5O[C@@H](CO)[C@@H](O)[C@H](O)[C@@H]5O)CCC[C@]4(C)[C@H]2CC[C@@]1(O[C@@H]1O[C@@H](CO)[C@@H](O)[C@H](O)[C@@H]1O[C@@H]1O[C@@H](CO)[C@@H](O)[C@H](O)[C@@H]1O)C3,0
265885,CC1(C)OC(=O)C=C[C@@]2(C)[C@H]1CC(=O)[C@]1(C)[C@@H]2CC[C@@]2(C)[C@H](C3=COC=C3)OC(=O)[C@H]3O[C@]321,0
265932,C=C[C@H](O)C/C(=N/OS(=O)(=O)O)S[C@@H]1O[C@H](CO)[C@@H](O)[C@H](O)[C@H]1O,0
265903,C[C@@H]1O[C@@H](O[C@@H]2[C@@H](CO[C@@H]3OC[C@@H](O)[C@H](O)[C@H]3O)O[C@@H](O[C@H]3CC[C@@]4(C)[C@@H](CC[C@]5(C)[C@@H]4CC=C4[C@@H]6CC(C)(C)CC[C@]6(C(=O)O)[C@H](O)C[C@]45C)C3(C)C)[C@H](O)[C@H]2O)[C@H](O)[C@H](O[C@@H]2O[C@@H](C)[C@H](O)[C@@H](O)[C@H]2O)[C@H]1O,0
265933,N#C/C(=C\CO[C@@H]1O[C@H](CO)[C@@H](O)[C@H](O)[C@H]1O)CO,0
265959,CCOC(=O)/C=C/C1=CC=C(O)C(OC)=C1,0
265941,O=C(OC[C@@H]1O[C@@H](OC(=O)C2=CC(O)=C(O)C(O)=C2)[C@@H](OC(=O)C2=CC(O)=C(O)C(O)=C2)[C@@H](OC(=O)C2=CC(O)=C(O)C(O)=C2)[C@H]1OC(=O)C1=CC(O)=C(O)C(O)=C1)C1=CC(O)=C(O)C(O)=C1,0
265917,COC(=O)C1=CO[C@@H](O[C@@H]2O[C@H](CO)[C@@H](O)[C@H](O)[C@H]2O)[C@H]2[C@@H]1C[C@H](O)[C@@H]2C,0
265945,COC1=C2C=COC2=C(OC)C2=C1C=CC(=O)O2,0
265908,C=C1C(=O)[C@]23C[C@H]1CC[C@H]2[C@@]12CO[C@@H](O)[C@@H]1C(C)(C)[C@@H](O)C[C@@H]2OC3=O,0
265961,CCOC(=O)C1=CC(OC)=C(O)C(OC)=C1,0
265935,OC[C@H]1O[C@@H](OC[C@H]2O[C@@H](O)[C@H](O)[C@@H](O)[C@@H]2O)[C@H](O)[C@@H](O)[C@@H]1O,0
265914,C=C1C(=O)O[C@@H]2[C@H]3C(CO)=CC(=O)C3=C(C)C[C@H](O)[C@@H]12,0
265922,C=C(C)[C@H]1C[C@]23C(O)=C(C(=O)CC(C)C)C(=O)[C@@]2(O)C(=O)C[C@@H]3C1(C)C,0
265915,C=C1C(=O)O[C@H]2[C@H]1CCC(C)=C1C(=O)C=C(CO)[C@@H]12,0
265924,COC[C@@H](CC1=CC=C(OC)C(OC)=C1)[C@@H](COC)CC1=CC=C(OC)C(OC)=C1,0
265957,CCOC(=O)/C=C/C1=CC=C(O)C=C1,0
265930,C=C[C@H]1C[N@]2CC[C@H]1C[C@H]2[C@H](O)C1=CC=NC2=C1C=C(OC)C=C2,0
265931,COC1=CC(CCC2=CC=C3OCOC3=C2)=NC2=C1C=CC=C2,0
265937,CCN(CC)CC(=O)NC1=C(C)C=CC=C1C,0
265938,COC1=C(OC)C=C2C(=O)[C@@H](CC3CCN(CC4=CC=CC=C4)CC3)CC2=C1,0
265943,OC1=CC2=C(C(O)=C1)[C@@H](C1=C3O[C@@H](C4=CC(O)=C(O)C=C4)[C@@H](O)[C@@H](C4=C(O)C=C(O)C5=C4O[C@@H](C4=CC=C(O)C(O)=C4)[C@@H](O)C5)C3=C(O)C=C1O)[C@H](O)[C@H](C1=CC(O)=C(O)C=C1)O2,0
265953,C[C@H](O)C(=O)O,0
265939,CN1C(=O)CN=C(C2=CC=CC=C2)C2=CC(Cl)=CC=C21,0
265995,N[C@@H](C[C@@H](CC1=CC=C(Cl)C=C1)C(=O)O)C(=O)O,0
265996,N[C@@H](C[C@H](CC1=CNC2=C1C=CC=C2)C(=O)O)C(=O)O,0
265997,N[C@@H](C[C@@H](CC1=CNC2=C1C=CC=C2)C(=O)O)C(=O)O,0
265998,O=C(N[C@@H](CC1=CNC2=C1C=CC=C2)C(=O)O)C1=CC=C([N+](=O)[O-])C=C1,0
265999,O=C(N[C@H](CC1=CNC2=C1C=CC=C2)C(=O)O)C1=CC=C([N+](=O)[O-])C=C1,0
266000,N#CC1=CC=C(C(=O)N[C@H](CC2=CNC3=C2C=CC=C3)C(=O)O)C=C1,0
266081,COC1=CC=C(CC(CO)C2=CC=CC=C2)C=C1O,0
266009,O=C(/C=C/C1=CC=C(O)C=C1)NC1=CC=CC=C1C(=O)O,0
266010,COC1=CC=C(/C=C/C(=O)NC2=C(C(=O)O)C=CC=C2)C=C1OC,0
266011,O=C(/C=C/C1=CC=CC(O)=C1)NC1=CC=CC=C1C(=O)O,0
266012,O=C(/C=C/C1=CC=CC(O)=C1)NC1=CC(C(=O)O)=CC=C1,0
266006,COC1=CC(O)=C2C(=O)[C@H](CC3=CC=C(O)C=C3)COC2=C1O,0
266082,CCOC(=O)C(CC1=CC=C(OC)C(O)=C1)C1=CC=CC=C1,0
266015,C=COCCOC=C,0
265944,COC1=C2C=COC2=CC2=C1C=CC(=O)O2,0
265451,CC1OC(OC2C(OC3=CC(O)=C4C(=O)CC(C5=CC=C(O)C=C5)OC4=C3)OC(CO)C(O)C2O)C(O)C(O)C1O,0
266036,COC1=C(OC)C=C2C(=C1)CC1(O)COC3=C(C=CC(OC)=C3OC)C21,0
266048,O=C(O)C1=C(C(=O)C2=CC=C([N+](=O)[O-])C=C2)C=CC=C1,0
265653,COC1=C2OC(=O)C=CC2=CC2=C1OC=C2,0
266021,CCOC1=CC=C(NC(N)=S)C=C1,0
265368,CN1C=NC2=C1C(=O)NC(=O)N2C,0
266001,COC1=C(OC)C=C2OC(=O)C(OC3=CC4=C(C=CC(=O)O4)C=C3)=CC2=C1,0
266014,CC1OC(OC2C(OC3=CC(O)=C4C(=O)CC(C5=CC=C(O)C(O)=C5)OC4=C3)OC(CO)C(O)C2O)C(O)C(O)C1O,0
266119,COCC(O)CCCC1=CC=CC=C1,0
265341,CC1=CCC(C(C)(C)OC=O)CC1,0
266136,COC1CC(O)C(O)C(C)O1,0
266148,O=C1NS(=O)(=O)C2=C1C=CC(I)=C2,0
266118,COCC(O)CCCCC1=CC=CC=C1,0
266160,CC1=CC=CC(NC(N)=O)=C1,0
266176,C1=CNC=N1,0
266154,COC1=CC=CC2=C1S(=O)(=O)NC2=O,0
266158,ON=CC1CCCCC1,0
266120,CCCC(CCCOC)CCC1=CC=CC=C1,0
266138,COC1OC(C)CC(O)C1O,0
266175,C1=CNC=C1,0
266129,CCCOC1=CC=C(CCC(=O)C2=CC=CC=C2O)C=C1O,0
266157,ON=CC1=CCCCCC1,0
266141,O=C1NS(=O)(=O)C2=C1C([N+](=O)[O-])=CC=C2,0
266086,COC1=C(O)C=C(COC(=O)C2=CC=CC=C2)C=C1,0
266116,COC1CCC(CCC2CCCCC2)CC1O,0
266151,O=C1NS(=O)(=O)C2=C1C=C(Cl)C=C2,0
266174,C1CCNC1,0
266094,COC(=O)C1=CC=CC=C1CCC1=CC=C(OC)C(O)=C1,0
266117,COCC(O)CC(C)CCC1=CC=CC=C1,0
266190,NC1=CC=CC=C1[N+](=O)[O-],0
266221,O=C1CCC[C@@H]2[C@H]3C[C@@H](CN12)[C@@H]1C[C@@H](O)CCN1C3,0
266187,CC(=O)OCC12C(CCC(C)(C)C1C(=O)O)OC(=O)C13CC(CC(O)C12)C(C)C3=O,0
266177,C1CNCCN1,0
266207,COC1=C(O)C=C([C@@H]2CC(=O)C3=C(O)C=C(O[C@@H]4O[C@H](CO[C@@H]5O[C@H](C)[C@@H](O)[C@H](O)[C@H]5O)[C@H](O)[C@@H](O)[C@@H]4O)C=C3O2)C=C1,0
266178,C1=CC=C2NC=NC2=C1,0
266211,C[C@@]12C[C@@H](C3=COC=C3)OC(=O)[C@@H]1C[C@@H]1OC(=O)[C@@]3(O)[C@@H](O[C@@H]4O[C@@H](CO)[C@@H](O)[C@@H](O)[C@@H]4O)CC[C@@H]2[C@@]13C,0
266186,CC(=O)OCC12C(CCC(C)(C)C1C=O)OC(=O)C13CC(CC(O)C12)C(C)C3=O,0
266206,C[C@@H](CN1C2=CC=CC=C2SC2=C1C=CC=C2)N(C)C,0
266213,CC1=CC2=C(C=C1C)N(C[C@@H](O)[C@@H](O)[C@@H](O)CO)C1=NC(=O)NC(=O)C1=N2,0
266193,CC1CCCC2(C)CCC3C(C)C(=O)OC3C12,0
266180,C1=CN=CC=N1,0
266181,C1=CC=NC=C1,0
266215,C[C@H]1CC[C@@H]2[C@@H](C)[C@H]3[C@H](C[C@H]4[C@@H]5CC=C6C[C@H](O[C@@H]7O[C@H](CO)[C@@H](O[C@@H]8O[C@@H](C)[C@H](O)[C@@H](O)[C@H]8O[C@@H]8C[C@@H](C)[C@H](O)[C@@H](O)[C@H]8O)[C@H](O)[C@H]7O)CC[C@]6(C)[C@H]5CC[C@@]43C)N2C1,0
266219,CC[C@H](C)C(=O)C1=C(O)[C@@](O)([C@H](O)CCC(C)C)[C@@H](CCC(C)C)C1=O,0
266182,C1=CN=CN=C1,0
266184,CC1CCN2C(C1)C(C)C1C2CC2C3CC=C4CC(OC5OC(CO)C(O)C(OC6OC(CO)C(O)C(O)C6O)C5OC5OC(C)C(O)C(O)C5O)CCC4(C)C3CCC21C,0
266179,C1=CC=NN=C1,0
266189,NC1=C(Cl)C=CC(C(=O)O)=C1,0
266227,CCCCCCCCCC(=O)OC[C@H](O)CO,0
265326,CC(C)=CCCC(C)=CCOC(=O)CC(C)C,0
266501,C=C[C@H]1[C@H](O[C@@H]2O[C@H](COC3=CC=CC(C(=O)O)=C3)[C@@H](O)[C@H](OC(C)=O)[C@H]2O)OC=C2C(=O)OCC[C@H]21,0
266480,CCCC(=O)OC(C)(C)C1CC=C(C)CC1,0
265378,CC=CC1=CC=C(OC)C(OC)=C1,0
266481,C=C[C@H]1CN2CCC1C[C@H]2[C@H](O)C1=C2C=C(OC)C=CC2=NC=C1,0
266482,CC1=N[C@@H](C)O[C@H]1C,0
266485,C=CC12CCN(CC1)C(C(O)C1=C3C=C(OC)C=CC3=NC=C1)C2,0
266491,COC1=C(OC(=O)/C=C/C2=CC=CC=C2)C=CC(C(=O)O[C@@H]2O[C@H](CO)[C@@H](O)[C@H](O)[C@H]2O)=C1,0
266498,O=C(OCC1OC(OC(=O)C2=CC(O)=C(O)C(OC(=O)C3=CC(O)=C(O)C(O)=C3)=C2)C(OC(=O)C2=CC(O)=C(O)C(OC(=O)C3=CC(O)=C(O)C(O)=C3)=C2)C(OC(=O)C2=CC(OC(=O)C3=CC(O)=C(O)C(O)=C3)=C(O)C(O)=C2)C1OC(=O)C1=CC(O)=C(O)C(OC(=O)C2=CC(O)=C(O)C(O)=C2)=C1)C1=CC(O)=C(O)C(OC(=O)C2=CC(O)=C(O)C(O)=C2)=C1,0
266494,CC1=CC(=O)C2=C(C)CC[C@@H]3[C@H](OC(=O)[C@@H]3C)[C@@H]12,0
266490,O=C1OC=CC2=CC=CC=C12,0
266496,COC(=O)[C@]12OC[C@@]34[C@H]1[C@@H](OC(=O)/C=C(\C)C(C)(C)O)C(=O)O[C@@H]3C[C@H]1C(C)=C(O)C(=O)C[C@]1(C)[C@H]4[C@@H](O)[C@@H]2O,0
266479,CCCCCCCCOC(C)=O,0
266486,CCCCCCS,0
266510,O=CC1=C2CCOC(=O)C2=CC=C1,0
266544,CCC(C)C(N)C1=NC(C(=O)N[C@@H](CC(C)C)C(=O)N[C@H](CCC(=O)O)C(=O)N[C@H](C(=O)N[C@@H](CCCCN)C(=O)N[C@H](CCCN)C(=O)N[C@H](C(=O)N[C@H](CC2=CC=CC=C2)C(=O)N[C@@H](CC2=CN=CN2)C(=O)N[C@H](CC(=O)O)C(=O)N[C@@H](CC(N)=O)C(=O)O)[C@@H](C)CC)[C@@H](C)CC)CS1,0
266511,C=C(CO)C(=O)O[C@H]1C[C@@]23O[C@@H]2CC/C(=C/[C@H]2OC(=O)C(=C)[C@H]12)CO[C@H]3O,0
266541,C=C(C)C(=O)O[C@H]1C[C@@]23O[C@@H]2CC/C(=C/[C@H]2OC(=O)C(=C)[C@H]12)CO[C@H]3O,0
266542,CCCCC/C=C\C/C=C\CCCCCCCC(=O)O,0
266529,C/C1=C/[C@H]2OC(=O)[C@@H](C)[C@@H]2[C@@H](O)/C=C(/C)[C@@H](O)CC1,0
266536,C/C(=C\CO)CCCC(C)CCCC(C)CCCC(C)C,0
266534,C[C@@H]1C[C@H]2OC(=O)[C@@]3(C)CCC[C@@](C)([C@@H]23)[C@@]12CC[C@]1(C=COC1)O2,0
266864,OC[C@@H]1CCCN2CCCC[C@H]12,0
266863,CC(C)C1=C(O)C(O)=C2C(=C1)[C@@H]1C[C@H]3C(C)(C)CCC[C@]23C(=O)O1,0
265549,NC1=C2CCCCC2=NC2=CC=CC=C21,0
265666,[O-][Cl+2]([O-])O,0
266904,C=C[C@H](O)C#CC#C[C@@H](O)C=CCCCCCCC,0
266910,C/C=C(\C)C(=O)OC1CC2C(CC=C3CC(O)CC[C@@]32C)[C@@]2(O)CCC(C(C)=O)[C@@]12C,0
265505,OC(C1=CC=CC=C1)(C1=CC=CC=C1)C1CCNCC1,0
266887,CC[C@H](C)C(=O)C1=C(O)[C@@](O)(C(=O)CC=C(C)C)[C@H](CC=C(C)C)C1=O,0
265375,CC(C)=CCCC(C)=CCOC=O,0
266878,CC[C@H](C)C(=O)C1=C(O)C(CC=C(C)C)(CC=C(C)C)C(=O)C(CC=C(C)C)=C1O,0
265414,O=C(O)CC(O)(CC(=O)O)C(=O)O,0
265282,O=C1NS(=O)(=O)C2=C1C=CC=C2[N+](=O)[O-],0
265497,C=CCC1(C2C=CCC2)C(=O)NC(=O)NC1=O,0
265472,CC(C)CNCCOC(=O)C1=CC=CC(N)=C1,0
266908,COC1=CC=C2C(=CC1=O)[C@@H](NC(C)=O)CCC1=CC(OC)=C(OC)C(OC)=C12,0
265499,O=C1C2=C(O)C([N+](=O)[O-])=CC([N+](=O)[O-])=C2C(=O)C2=C([N+](=O)[O-])C=C([N+](=O)[O-])C(O)=C12,0
266901,C[C@H]1C[C@H](C)C(=O)[C@H]([C@H](O)CC2CC(=O)NC(=O)C2)C1,0
266895,CC(C)=CCC(=O)[C@@]1(O)C(O)=C(C(=O)CC(C)C)C(=O)[C@H]1CC=C(C)C,0
265716,CC(CC1=CC=CC=C1)N(C)CCNC1=NC2=C(C(=O)N(C)C(=O)N2C)N1C,0
265447,O=C1CCCC2C3CC(CN12)C1CC(O)CCN1C3,0
265250,COC1=CC=C2C(=O)C=C(C3=CC=C(O)C=C3)OC2=C1,0
265639,CN(C)C(=O)OC1=CC=CC([N+](C)(C)C)=C1,0
265572,CC(CCC1=CC=C(O)C=C1)OC1OC(CO)C(O)C(O)C1O,0
265476,CC(NC(C)(C)C)C(=O)C1=CC=CC(Cl)=C1,0
266899,CC1(C)C(=O)CC[C@]2(C)[C@@H]1CC[C@]13C[C@H](CC[C@H]21)[C@@](O)(CO[C@H]1O[C@@H](CO)[C@H](O)[C@@H](O)[C@@H]1O)C3,0
266874,O=C1C2=C(O)C=C(O)C=C2OC(C2=CC=C(O)C(O)=C2)[C@H]1O,0
265715,CC(CC1=CC=CC=C1)NCCC#N,0
266870,OC[C@H]1O[C@@H](OC2=CC=C(O)C=C2)[C@H](O)[C@@H](O)[C@@H]1O,0
265208,O=C1C(C2=CC=CC=C2)=COC2=CC(O)=CC=C12,0
265435,O=C(O)C1=CN(C2CC2)C2=CC(N3CCNCC3)=C(F)C=C2C1=O,0
265643,CN1CCC23C4=C5C=CC(O)=C4OC2C(O)C=CC3C1C5,0
265657,C=C1C2=CC=CC(O)=C2C(O)=C2C(=O)C3(O)C(=O)C(=C(N)O)C(=O)C(N(C)C)C3C(O)C12,0
265531,COC1=CC=CC(C2(O)CCCCC2CN(C)C)=C1,0
266912,CN1[C@H]2CC[C@@H]1C[C@H](OC(=O)C(CO)C1=CC=CC=C1)C2,0
265527,CC[N+](CC)(CC)CCC(O)(C1=CC=CC=C1)C1CCCCC1,0
266907,C[C@]12C[C@H](O)[C@H]3[C@@H](CCC4=CC(=O)CC[C@@]43C)[C@@H]1CC[C@]2(O)C(=O)CO,0
266885,C[C@H](N)CC1=CC=CC=C1,0
266905,COC1=CC([C@@H]2CC(=O)C3=C(O)C=C(O)C=C3O2)=CC=C1O,0
265491,CCOC1=CC=C(NC(=O)C(C)O)C=C1,0
265688,CN(C)CCC[N+]1([O-])C2=CC=CC=C2CCC2=CC=CC=C21,0
265690,CCN(CCO)CCCC(C)NC1=CC=NC2=CC(Cl)=CC=C21,0
265699,CCC1(CCC(C)C)C(=O)N=C(O)NC1=O,0
265740,CC1=C(O)C(=O)C=CN1C,0
266896,C=C1C(=O)[C@@]23CC[C@@H]4C(C)(C)CC(OOC5OC(CO)C(O)C(O)C5O)C[C@@]4(C)[C@@H]2CCC1C3,0
266871,C=C[C@H]1CN2CCC1C[C@H]2[C@H](O)C1=CC=NC2=CC=C(OC)C=C21,0
265512,OC(CCN1CCCCC1)(C1=CC=CC=C1)C1CCCC1,0
266892,NC(N)=NCCC[C@H](NC(=O)[C@@H]1CCCN1)C(=O)O,0
265742,CCC1(C2=CCCCC2)C(=O)NC(=O)NC1=O,0
265548,C=CCC1(C(C)CC)C(=O)NC(=O)NC1=O,0
265745,O=C(O)C1=CC2=CC=CC=C2O1,0
265411,CN1C(=O)C=CC2=C1C=CC=C2,0
266891,O=C1C2=C(O)C=C(CO)C=C2[C@H]([C@@H]2O[C@H](CO)[C@@H](O)[C@H](O)[C@H]2O)C2=C1C(O)=CC=C2,0
265460,COC(CNC(N)=O)C[Hg]Cl,0
266906,O=CC1=C(O[C@@H]2O[C@H](CO)[C@@H](O)[C@H](O)[C@H]2O)C=CC=C1,0
265645,COC1=CC2=C(C=C1)N1CCN(C)C3=NCCC2=C31,0
265475,CCC(C)C1(CC)C(=O)N=C(O)NC1=O,0
265509,CCN(CC)CCOC(C1=CC=CC=C1)C1=CC=CC=C1,0
265353,CCCCCCC(C)=O,0
265522,CCCC(CCC)C(N)=O,0
265279,CCCCCN1C(=O)C2=CC=C([N+](=O)[O-])C=C2S1(=O)=O,0
266925,O=C1C[C@@H](C2=CC=CC=C2)OC2=CC(O)=CC(O)=C12,0
265538,C=CCNC(N)=S,0
266923,C=C[C@H]1CN2CC[C@@H]1C[C@H]2[C@H](O)C1=CC=NC2=CC=C(OC)C=C21,0
265439,CCC=CCC=CCC=CCCCCCCCC(=O)O,0
265582,CCC1CN2CCC3=CC(OC)=C(OC)C=C3C2CC1CC1=C2C=C(OC)C(=O)C=C2CCN1,0
265672,CCCC1CC(C(=O)NC(C(C)O)C2OC(SC)C(O)C(O)C2O)N(C)C1,0
266941,COC1=C(O[C@@H]2O[C@H](CO)[C@@H](O)[C@H](O)[C@H]2O)C=C2OC=C(C3=CC=C(O)C=C3)C(=O)C2=C1,0
265217,O=C(C=CC1=CC=CC=C1O)C1=C(O)C=C(O)C=C1,0
266928,C1CCN2C[C@H]3C[C@H](CN4CCCC[C@H]34)[C@@H]2C1,0
265739,NC1=NC=C([N+](=O)[O-])S1,0
265566,C=CCC1(C(C)CCC)C(=O)NC(=O)NC1=O,0
265721,CC[N+](C)(C)C1=CC(O)=CC=C1,0
265644,COCC(=O)OC1(CCN(C)CCCC2=NC3=CC=CC=C3N2)CCC2=C(C=CC(F)=C2)C1C(C)C,0
266951,CC(C)C[C@H](NC(=O)[C@H](N)CC1=CNC2=C1C=CC=C2)C(=O)O,0
265703,O=C(OC1OC(CO)C(O)C(O)C1O)C1=CC(O)=C(O)C(O)=C1,0
265297,O=C1OC2=CC(O)=CC=C2C2=C1C1=CC=C(O)C=C1O2,0
265649,CCC(CO)NC(=O)C1C=C2C3=C4C(=CNC4=CC=C3)CC2N(C)C1,0
265317,COC1=CC(O)=C2C(=O)C(C3=CC=C(O)C=C3)=COC2=C1,0
265429,O=[N+]([O-])C1=C2C=CC=CC2=CC=C1,0
265583,CNC(C)C(O)C1=CC=CC=C1,0
265418,CN(C)CCC=C1C2=CC=CC=C2COC2=CC=CC=C21,0
265515,CCN(CC)CC(C)(C)COC(=O)C(CO)C1=CC=CC=C1,0
266949,CCN1CC2(COC)C(O)CC(OC)C34[C@@H]1C(C(OC)[C@H]23)[C@@]1(O)C(O)C(OC)[C@@]2(O)C[C@@H]4[C@@H]1C2O,0
265655,CNC(C)CC1=CC=CC=C1,0
266939,CC(C)=CCC(=O)[C@]1(O)C(O)=C(C(=O)C(C)C)C(=O)[C@H]1CC=C(C)C,0
265453,CC1=C(C)C=C2C(=C1)N=C1C(=O)NC(=O)N=C1N2CC(O)C(O)C(O)CO,0
265661,CCOC(=O)C1(C2=CC=CC=C2)CCN(C)CC1,0
265257,COC1=CC(OC)=C2C(=O)C=C(C3=CC=CC=C3)OC2=C1,0
265283,O=C1NS(=O)(=O)C2=C1C=CC([N+](=O)[O-])=C2,0
265484,CCN(CC)CC(O)CNC1=C2C=C(OC)C=CC2=NC2=CC(Cl)=CC=C21,0
265670,CCC(C)(CN(C)C)OC(=O)C1=CC=CC=C1,0
265197,O=C(O)C1=C2C=CC=CC2=CC=C1,0
266946,OCC1OC(OC2=CC=CC=C2)C(O)[C@@H](O)[C@@H]1O,0
265213,COC1=CC=C(C2=COC3=C(C2=O)C(O)=CC(O)=C3)C=C1,0
265261,O=C1C=C(C2=CC=CC=C2O)OC2=C1C(O)=CC=C2,0
265611,NC(N)=NC(N)=NC1=CC=CC=C1,0
266952,CC(C)[C@]12CC(=O)[C@@H](C)[C@H]1C2,0
266944,C=C(C)C1[C@H]2C[C@]3(C)[C@]4(CO4)[C@H]4O[C@H]4[C@]3(O)[C@@H]1C(=O)O2,0
266917,O=C(N[C@H](CO)[C@H](O)C1=CC=C([N+](=O)[O-])C=C1)C(Cl)Cl,0
265628,CC(O)CCOCCC(C)O,0
266953,C/C=C(\C)C(=O)OC1CC2C(CC=C3CC(OC4CC(OC)C(OC5CC(OC)C(OC6OC(C)C(O)C(OC)C6O)C(C)O5)C(C)O4)CC[C@@]32C)[C@@]2(O)CCC(C(C)=O)[C@@]12C,0
265697,CC1=NC=CC2=C1NC1=CC=CC=C12,0
266921,CC(C)=CCC1=C(O)[C@@](O)(CC=C(C)C)C(=O)C(C(=O)CC(C)C)=C1O,0
265568,CC1=C2C3OC(=O)C(C)C3CCC2(C)C=CC1=O,0
265734,CCN(CC)CCOC(=O)C1(C2CCCCC2)CCCCC1,0
265412,CC1CCCC(C)N1,0
265526,CN1C(=O)OC(C)(C)C1=O,0
266930,COC(=O)[C@H]1[C@@H](O)CC[C@H]2CN3CCC4=C(NC5=CC=CC=C54)[C@@H]3C[C@@H]21,0
265634,CCCCC(N)C(=O)O,0
265316,[K+],0
265591,CCCNCC(O)COC1=C(C(=O)CCC2=CC=CC=C2)C=CC=C1,0
265717,CCNCC(O)C1=CC(O)=CC=C1,0
266926,C=C1C[C@@H]2OC(=O)C(=C)[C@H]2[C@H](O)C=C(C)CC[C@@H]1O,0
267198,CC(C)=CCCC(C)CCOCC=O,0
267197,O=C(CC1=CC=CC=C1)CC1=CC=CC=C1,0
267195,CC/C=C\CC1=C(C)CCC1=O,0
265334,CC1=CCC(C(C)(C)OC(=O)C2=C(N)C=CC=C2)CC1,0
267247,CC(=O)CCC1=CC=C(C)O1,0
267226,C1=CC=C(CC2=CC=NC=C2)C=C1,0
267224,O=C(C1=CC=CC=C1)C1=NC=CC=C1,0
265470,[Ca+2],0
267218,CC1=N[C@H](C)O[C@H]1C,0
267216,CC(=O)C1=CC=C(C)N1C,0
267213,CC1=CC=CS1,0
267209,OCC1=CN=CC=C1,0
267246,O=C(C1=CC=CC=C1)C1=CC=NC=C1,0
267212,CCCCCCCCCCCCCCCCCC(=O)OCCO,0
267234,C1=CC=C(CSCC2=CC=CC=C2)C=C1,0
267235,C1=CC=C(C2=CC=NC=C2)C=C1,0
267214,CC(=O)C1=CC=C(C)N1,0
267240,CC(=O)C1=CC2=CC=CC=C2O1,0
267233,CCCCCC1=NC2=CC=CC=C2N=C1C,0
267244,CC1=NC(CO)=CC=C1,0
267242,COC(=O)CC(O)(CC(=O)OC)C(=O)OC,0
267239,CC(=O)C1=CC=CC(C(C)=O)=N1,0
267231,CC(=O)OCC1OC(OC(C)=O)C(OC(C)=O)C(OC(C)=O)C1OC(C)=O,0
267220,O=CC1=CC=C(O)C(O)=C1,0
267211,C=CC1=NC(C)=CC=C1,0
267243,CCC1=C(C)N=C2C=CC=CC2=N1,0
267229,CCCCCC(O)CCO,0
267225,CCOCCC1=CC=CC=N1,0
267237,CC(C)C/C=C(\C=O)C1=CC=CC=C1,0
267221,CSCCC1=NC=CC=C1,0
267217,O=CC1=CC=CN=C1,0
267357,CCC1=CC=C(C=O)C=C1,0
267461,CC1COC(C2=CC=CC=C2)O1,0
265192,COC1=CC=NC(CS(=O)C2=NC3=C(C=C(OC(F)F)C=C3)N2)=C1OC,0
265555,COC1=NN=C(NS(=O)(=O)C2=CC=C(N)C=C2)C=C1,0
265524,CCN(CC)C(=O)CSC1=CC=C(Cl)N=N1,0
265788,CC(=O)OC(C)(C)C=CC(=O)C(C)(O)C1C(O)CC2(C)C3CC=C4C(C=C(O)C(=O)C4(C)C)C3(C)C(=O)CC12C,0
266185,C=C1C(=O)C23CC1CC(O)C2C1(COC(C)=O)C(CCC(C)(C)C1C=O)OC3=O,0
265275,CCN(CC)CCCN1C(=O)C2=CC=CC=C2S1(=O)=O,0
265704,CC1C(=O)OC2C(O)C34C5CC(C(C)(C)C)C36C(OC(=O)C6O)OC4(C(=O)O5)C12O,0
265613,NC(=O)OCCCC1=CC=CC=C1,0
265190,CCOC(=O)CC(SP(=S)(OC)OC)C(=O)OCC,0
265660,CC1=C(OCC(O)CO)C=CC=C1,0
265778,C=CCN=C=S,0
265376,CC(=O)OCC=C(C)CCC=C(C)C,0
265373,O=COCC=CC1=CC=CC=C1,0
265325,CCCOC(=O)C=CC1=CC=CO1,0
266890,C=C1C(=O)O[C@H]2[C@H]1CCC(C)=CCC[C@@]1(C)O[C@@H]21,0
266950,CC1(C)[C@@H]2CC[C@@]1(C)C(=O)C2,0
266889,C[C@H](CCC(=O)O)[C@H]1CC[C@H]2[C@H]3[C@H](CC[C@@]21C)[C@@]1(C)CC[C@@H](O)C[C@H]1C[C@H]3O,0
266903,CC(C)=CCC(=O)[C@]1(O)C(O)=C(C(=O)CC(C)C)C(=O)[C@H]1CC=C(C)C,0
266919,CC1(C)O[C@H]2CC(=O)OC[C@@]23[C@H]1CC(=O)[C@]1(C)[C@@H]3CC[C@@]2(C)[C@H](C3=COC=C3)OC(=O)[C@H]3O[C@]321,0
266927,CC(=O)O[C@H]1CC(=O)OC(C)(C)[C@@H]2CC(=O)[C@]3(C)[C@H](CC[C@@]4(C)[C@H](C5=COC=C5)OC(=O)[C@H]5O[C@]543)[C@@]12C,0
266935,C[C@H](CCC(=O)O)[C@H]1CC[C@H]2[C@@H]3[C@@H](O)C[C@@H]4C[C@H](O)CC[C@]4(C)[C@H]3CC[C@@]21C,0
266943,COC1=CC=C2C(=C1OC)C(=O)O[C@@H]2[C@H]1C2=C(OC)C3=C(C=C2CCN1C)OCO3,0
266945,CC(=O)OC[C@H]1O[C@@H](OC2=CC(O)=C3C(=O)C(C4=CC=C(O)C=C4)=COC3=C2)[C@H](O)[C@@H](O)[C@@H]1O,0
266894,OC1=CC(O)=C2C=C(O)C(C3=CC(O)=C(O)C=C3)=[O+]C2=C1,0
266898,O=C(O[C@@H]1CC2=C(O)C=C(O)C=C2O[C@@H]1C1=CC(O)=C(O)C=C1)C1=CC(O)=C(O)C(O)=C1,0
266920,C=C[C@H](O)CC(=NOS(=O)(=O)O)SC1O[C@H](CO)[C@@H](O)[C@H](O)[C@H]1O,0
266947,C=C[C@H]1[C@H](O[C@@H]2O[C@H](CO)[C@@H](O)[C@H](O)[C@H]2O)OC=C2C(=O)OCCC21O,0
266893,CC(C)=CCC(=O)[C@@]1(O)C(O)=C(C(=O)C(C)C)C(=O)[C@H]1CC=C(C)C,0
266940,COC1=CC=C2C[C@@H]3[C@H]4CCCC[C@]4(CCN3C)C2=C1,0
266922,CC(C)C[C@H](NC(=O)CN)C(=O)O,0
266900,C=C1C(=O)O[C@H]2[C@H]1CC=C1C[C@@](C)(CC[C@H]1OO)[C@@H]2O,0
266913,O=C1C(C2=CC=C(O)C=C2)=COC2=CC(O[C@@H]3O[C@H](CO)[C@@H](O)[C@H](O)[C@H]3O)=CC(O)=C12,0
266948,O=C1C[C@@H]2OCC=C3CN4CC[C@]56C7=CC=CC=C7N1[C@H]5[C@H]2[C@H]3C[C@H]46,0
266902,COC1=C(O)C=C([C@@H]2CC(=O)C3=C(O)C=C(O)C=C3O2)C=C1,0
266936,CC(=O)O[C@H]1C[C@]2(O)C3CC[C@@H]4C[C@@H](OC(=O)CCCCCCC(=O)NC(CCCN=C(N)N)C(=O)O)CC[C@]4(C)C3CC[C@]2(C)[C@H]1C1=CC(=O)OC=C1,0
266918,C[C@]12C[C@H](O)[C@H]3[C@@H](CCC4=CC(=O)C=C[C@@]43C)[C@@H]1CC[C@]2(O)C(=O)CO,0
266005,COC1=C(O)C=C2OC[C@@H](CC3=CC=C(O)C=C3)C(=O)C2=C1O,0
267238,O=CC1=CC2=C(C=CC=C2)O1,0
266004,COC1=C(O)C2=C(C(=O)[C@H](CC3=CC=C(O)C=C3)CO2)C(O)=C1OC,0
266007,COC1=CC(O)=C2C(=O)[C@H](CC3=CC=C(O)C(O)=C3)COC2=C1O,0
265907,C[C@@H]1C(=O)O[C@H]2C[C@@]34[C@H]5C[C@@H](C(C)(C)C)[C@]36[C@@H](OC(=O)[C@@H]6O)O[C@@]4(C(=O)O5)[C@]21O,0
265911,CC(=O)OC[C@@]12[C@@H](OC(C)=O)C[C@@H](C)[C@](C)([C@@H]3C[C@H]4C=CO[C@H]4O3)[C@H]1CC[C@@H](OC(C)=O)[C@]21CO1,0
267241,CC1=CC(C)C(CO)C(C)C1,0
265916,C=C(C(=O)O[C@H]1C/C(C)=C/CC/C(CO)=C/[C@H]2OC(=O)C(=C)[C@H]12)[C@H](O)CO,0
266135,O=[N+]([O-])C1=CC=CC([N+](=O)[O-])=C1,0
266008,COC1=C(O)C(O)=C2C(=O)[C@H](CC3=CC(O)=C(O)C=C3)COC2=C1OC,0
265904,C[C@@]12C[C@H](C3=COC=C3)OC(=O)[C@H]1CC[C@]1(C)[C@H]2[C@@H]2OC(=O)[C@@]1(O)[C@H]1O[C@@H]21,0
265905,C[C@@]12CC(=O)C3=C(C=CO3)[C@H]1CC[C@@]13C[C@@H](C[C@H](O)[C@@H]21)[C@@](O)(CO[C@@H]1O[C@H](CO)[C@@H](O)[C@H](O)[C@H]1O)[C@@H]3O,0
265906,C[C@@H]1C[C@H]2OC(=O)[C@@]3(C)CCC[C@@](C)([C@@H]23)[C@@]1(O)CCC1=COC=C1,0
265918,C=C[C@@H]1C2=CCOC(=O)C2=CO[C@H]1O[C@@H]1O[C@H](CO)[C@@H](O)[C@H](O)[C@H]1O,0
265910,C[C@@]12C[C@H](C3=COC=C3)OC(=O)[C@@H]1CC[C@]1(C)[C@H]2[C@@H]2OC(=O)[C@@]1(O)[C@H]1O[C@@H]21,0
265909,C[C@@]12C[C@@H](C3=COC=C3)OC(=O)[C@@H]1CC[C@]1(C)[C@H]2[C@@H]2C=C[C@@]1(O)C(=O)O2,0
267236,C=C(C)[C@@H]1CCC2=CC(=O)C[C@@H](C)[C@]2(C)C1,0
265920,C=C[C@H]1[C@H](O[C@@H]2O[C@H](COC(C)=O)[C@@H](OC(C)=O)[C@H](OC(C)=O)[C@H]2OC(=O)C2=C(OC(C)=O)C=C(OC(C)=O)C=C2C2=CC(OC(C)=O)=CC=C2)OC=C2C(=O)OCC[C@H]21,0
266053,COC1=CC(OC)=C(C(=O)C2=CC=CC=C2C(=O)O)C=C1,0
265888,CC(C)(O)[C@@H]1CC(=O)[C@]2(C)[C@H](CC[C@@]3(C)[C@H](C4=COC=C4)OC(=O)[C@H]4O[C@]432)[C@]12COC(=O)C[C@@H]2O,0
265942,OC1=CC2=C(C(O)=C1)[C@@H](C1=C(O)C=C(O)C3=C1O[C@@H](C1=CC(O)=C(O)C=C1)[C@@H](O)C3)[C@H](O)[C@H](C1=CC=C(O)C(O)=C1)O2,0
265892,C[C@@H]1C[C@H](O)[C@@H](O)[C@@]2(C)[C@H]1C[C@H]1OC(=O)C[C@H]3[C@@H](C)[C@H](O)C(=O)[C@H]2[C@]31C,0
265896,CC1(C)C(=O)[C@@H](O)C[C@@H]2C1=CC[C@H]1[C@]3(C)C[C@@H](O)[C@H]([C@@](C)(O)C(=O)C[C@H](O)C(C)(C)O)[C@@]3(C)CC(=O)[C@]12C,0
265893,C=C1[C@@H]2CC(=O)O[C@@H]3C[C@H]4C(C)=CC(=O)[C@@H](O)[C@]4(C)[C@@H]4[C@]23CO[C@@]4(O)[C@@H]1O,0
265891,CC1=CC(=O)[C@@H](O)[C@@]2(C)[C@H]1CC(=O)[C@@]1(C)[C@H]3C(=O)O[C@H]([C@@H]3C)[C@H](O)[C@H]21,0
265899,CC(=O)OC(C)(C)/C=C/C(=O)[C@](C)(O)[C@H]1[C@H](O)C[C@@]2(C)[C@@H]3CC=C4[C@@H](C[C@H](O)C(=O)C4(C)C)[C@]3(CO)C(=O)C[C@]12C,0
265889,CC[C@](C)(O)C(=O)O[C@H]1C(=O)O[C@@H]2C[C@H]3C(C)=CC(=O)[C@@H](O)[C@]3(C)[C@@H]3[C@@]24CO[C@@]3(O)[C@H](O)[C@H](C)[C@H]14,0
265897,CC(C)(O)/C=C/C(=O)[C@](C)(O)[C@H]1[C@H](O)C[C@@]2(C)[C@@H]3CC=C4[C@@H](C[C@H](O)[C@@H](O)C4(C)C)[C@]3(C)C(=O)C[C@]12C,0
265955,O=C(O[C@H]1CC2=C(O[C@H]1C1=CC=C(O)C(O)=C1)C([C@@H]1C3=C(C=C(O)C=C3O)O[C@@H](C3=CC(O)=C(O)C=C3)[C@H]1O)=C(O)C=C2O)C1=CC(O)=C(O)C(O)=C1,0
265929,C[C@@H]1O[C@@H](O[C@H]2[C@H](OC3=CC4=C(C(=O)C[C@@H](C5=CC=C(O)C=C5)O4)C(O)=C3)O[C@H](CO)[C@@H](O)[C@@H]2O)[C@H](O)[C@H](O)[C@H]1O,0
265925,COC1=CC=C([C@@H]2CC(=O)C3=C(O)C=C(O[C@@H]4O[C@H](CO)[C@@H](O)[C@H](O)[C@H]4O[C@@H]4O[C@@H](C)[C@H](O)[C@@H](O)[C@H]4O)C=C3O2)C=C1,0
265940,O=C(C1CCCCC1)N1CC(=O)N2CCC3=C(C=CC=C3)[C@H]2C1,0
265934,N#C[C@H](O[C@@H]1O[C@H](CO[C@@H]2O[C@H](CO)[C@@H](O)[C@H](O)[C@H]2O)[C@@H](O)[C@H](O)[C@H]1O)C1=CC=CC=C1,0
265960,CCOC(=O)C1=CC=C(O)C(O)=C1,0
265927,COC1=C(O)C=C([C@@H]2CC(=O)C3=C(O)C=C(O[C@@H]4O[C@H](CO)[C@@H](O)[C@H](O)[C@H]4O[C@@H]4O[C@@H](C)[C@H](O)[C@@H](O)[C@H]4O)C=C3O2)C=C1,0
267232,CCCC1=NC2=CC=CC=C2N=C1C,0
265928,C[C@@H]1O[C@@H](O[C@H]2[C@H](OC3=CC4=C(C(=O)C[C@@H](C5=CC(O)=C(O)C=C5)O4)C(O)=C3)O[C@H](CO)[C@@H](O)[C@@H]2O)[C@H](O)[C@H](O)[C@H]1O,0
265950,N[C@@H](CC1=CNC2=C1C=CC=C2)C(=O)N[C@@H](CC1=CNC2=CC=CC=C12)C(=O)N[C@@H](CC1=CNC2=CC=CC=C12)C(=O)O,0
265952,C/C=C/C1=C(OC(=O)[C@@H](C)CC)C=CC(OC)=C1,0
265901,C[C@@H]1O[C@@H](O[C@@H]2C=C3CC[C@@H]4[C@H](CC[C@]5(C)[C@@H](C6=COC(=O)C=C6)CC[C@]45O)[C@@]3(C)CC2)[C@H](O)[C@H](O)[C@H]1O[C@@H]1O[C@H](CO)[C@@H](O)[C@H](O)[C@H]1O,0
265895,CC(C)(O)CCC(=O)[C@](C)(O)[C@H]1[C@H](O)C[C@@]2(C)[C@@H]3CC=C4[C@@H](C=C(O)C(=O)C4(C)C)[C@]3(C)C(=O)C[C@]12C,0
267219,CC1=C(O)C=C(C(C)C)C(O)=C1,0
267196,CC(=O)OC[C@@H](OC(C)=O)[C@@H](OC(C)=O)[C@H](OC(C)=O)[C@H](C=O)OC(C)=O,0
267215,CC1=C2OC(C=O)=CC2=CC=C1,0
265630,CCN(CC)CCOCCOC(=O)C(CC)(CC)C1=CC=CC=C1,0
267210,CCSC1=NC=CC=C1,0
266961,CC[C@H]1OC(=O)[C@H](C)[C@@H](O[C@H]2C[C@@](C)(OC)[C@@H](O)[C@H](C)O2)[C@H](C)[C@@H](O[C@@H]2O[C@H](C)C[C@H](N(C)C)[C@H]2O)[C@](C)(O)C[C@@H](C)C(=O)[C@H](C)[C@@H](O)[C@]1(C)O,0
266954,CC[C@H](C)C(=O)C1=C(O)[C@](O)(C(=O)CC=C(C)C)[C@H](CC=C(C)C)C1=O,0
265919,OC[C@H]1O[C@@H](O[C@@H]2OC=C[C@H]3[C@H](O)[C@@H]4O[C@]4(CO)[C@@H]23)[C@H](O)[C@@H](O)[C@@H]1O,0
265669,CCN1CC2(CO)CCC(OC)C34C5CC6C(OC)CC(O)(C5C6OC)C(O)(C(OC)C23)C14,0
266956,N[C@H](CC1=CNC2=C1C=CC=C2)C(=O)N[C@H](CC1=CNC2=CC=CC=C12)C(=O)O,0
266958,OC1=CC2=C(C[C@@H](O)[C@@H](C3=CC(O)=C(O)C(O)=C3)O2)C(O)=C1,0
267230,C=C1C(=O)O[C@@H]2C[C@@H](C)[C@@H]3C=CC(=O)[C@@]3(C)[C@@H](O)[C@H]12,0
266959,CCOC(=O)[C@H](CCC1=CC=CC=C1)N[C@@H](C)C(=O)N1CCC[C@H]1C(=O)O,0
265636,NC(=O)NN=CC1=CC=C([N+](=O)[O-])O1,0
265749,COC1=CC=C2C(=C1)C13CCN4CC5=CCOC6CC(=O)N2C1C6C5CC43,0
265619,COC1CC(OC2CCC3(C)C4CCC5(C)C(C6=CC(=O)OC6)CCC5(O)C4CCC3(O)C2)OC(C)C1O,0
265753,CC1=C(NC2=C(C(=O)O)C=CC=N2)C=CC=C1Cl,0
265695,CCC1(C2=CCCCCC2)C(=O)NC(=O)NC1=O,0
265686,CCC(Br)(CC)C(=O)NC(=O)NC(C)=O,0
265708,CC12CCC(O)CC1CCC1C2C(O)CC2(C)C(C3=COC(=O)C=C3)CCC12O,0
265633,CC=C1C(OC2OC(CO)C(O)C(O)C2O)OC=C(C(=O)OC)C1CC(=O)OCCC1=CC=C(O)C(O)=C1,0
267837,O=C1OC2=CC=CC=C2C(O)=C1CC1=C(O)C2=CC=CC=C2OC1=O,0
265620,C1CCC2=NN=NN2CC1,0
265728,O=C(O)C1=CC([N+](=O)[O-])=C([N+](=O)[O-])C=C1,0
265720,COC1=CC(C)=NN1C1=NC(C)=CC(OC)=N1,0
265702,COC1=C(OC2OC(CO)C(O)C(O)C2O)C=CC(C=O)=C1,0
265752,COC(=O)C1C(OC(=O)C2=CC=CC=C2)CC2CCC1N2C,0
266483,CC[C@H](C)[C@@H](N)C(=O)O,0
266497,C/C(=C\CO)CO[C@@H]1O[C@H](CO)[C@@H](O)[C@H](OC(=O)CC2=CC(O)=C(O)C=C2)[C@H]1OC(=O)CC1=CC=C(O)C=C1,0
266508,C/C(=C\CO)CO[C@@H]1O[C@H](CO)[C@@H](O)[C@H](OC(=O)CC2=CC=C(O)C=C2)[C@H]1OC(=O)CC1=CC=C(O)C=C1,0
266504,C/C(=C\CO)CO[C@@H]1O[C@H](CO)[C@@H](O)[C@H](OC(=O)CC2=CC=C(O)C=C2)[C@H]1OC(=O)CC1=CC(O)=C(O)C=C1,0
266489,C/C(=C\CO)CO[C@@H]1O[C@H](COC(=O)CC2=CC=C(O)C(O)=C2)[C@@H](O)[C@H](OC(=O)CC2=CC=C(O)C=C2)[C@H]1OC(=O)CC1=CC(O)=C(O)C=C1,0
266502,C=C1CC23CCC4C(C)(C(=O)OC5OC(CO)C(OC6OCC(O)C(O)C6O)C(OC(C)=O)C5OC(C)=O)CCCC4(C)C2C(O)C1C(=O)C3,0
266495,COC(=O)[C@@]12OC[C@@]34C(C[C@H]5C(C)=C(O)C(=O)C[C@]5(C)[C@H]3[C@@H](O)[C@@H]1O)OC(=O)[C@H](OC(C)=O)C24,0
266492,C/C(=C\CO)CO[C@@H]1O[C@H](COC(=O)CC2=CC(O)=C(O)C=C2)[C@@H](O)[C@H](O)[C@H]1OC(=O)CC1=CC=C(O)C(O)=C1,0
266503,C[C@H]1CC[C@]2(NC1)O[C@H]1C[C@H]3[C@@H]4CC[C@H]5C[C@@H](O[C@@H]6O[C@H](CO)[C@H](O[C@@H]7O[C@H](CO)[C@@H](O)[C@H](O[C@@H]8OC[C@@H](O)[C@H](O)[C@H]8O)[C@H]7O[C@@H]7O[C@H](CO)[C@@H](O)[C@H](O)[C@H]7O)[C@H](O)[C@H]6O)CC[C@]5(C)[C@H]4CC[C@]3(C)[C@H]1[C@@H]2C,0
265544,COC(=O)C1=C(C)C=C(OC(=O)C2=C(C)C=C(O)C(C=O)=C2O)C(C)=C1O,0
266509,C[C@@H]1O[C@@H](O[C@@H]2[C@@H](O)[C@H](OCCC3=CC=C(O)C(O)=C3)O[C@H](CO)[C@H]2OC(=O)/C=C/C2=CC(O)=C(O)C=C2)[C@H](O)[C@H](O)[C@H]1O,0
266500,C/C(=C\CO)CO[C@@H]1O[C@H](CO)[C@@H](O)[C@H](OC(=O)CC2=CC(O)=C(O)C=C2)[C@H]1OC(=O)CC1=CC(O)=C(O)C=C1,0
265521,C=C1C2CCC3C(CCC4C5(C)CCCC43C3OCCN3C5)(C2)C1O,0
265540,CC(=O)NC1=CC=C(C=NNC(N)=S)C=C1,0
266499,C[C@H]1O[C@@H](O[C@H]2[C@@H](O)C[C@H](O[C@H]3[C@@H](O)C[C@H](O[C@H]4CC[C@]5(C)[C@H]6CC[C@]7(C)[C@@H](C8=CC(=O)OC8)CC[C@]7(O)[C@@H]6CC[C@@H]5C4)O[C@@H]3C)O[C@@H]2C)C[C@H](O)[C@@H]1O,0
265530,CCN(CC)C1=CC(C)=NC2=NC=NN12,0
266505,COC1=CC(=O)OC(C2=C(O[C@@H]3O[C@H](CO)[C@@H](O)[C@H](O)[C@H]3O)C=C(O)C=C2C)=C1,0
265516,CC(CC(=O)CC(C)C1CC(O)C2(C)C3=C(C(=O)CC12C)C1(C)CCC(=O)C(C)(C)C1CC3O)C(=O)O,0
266507,O=C(O)C1=CC(OC(=O)C2=CC(O)=C(O)C(O)=C2)=C(O)C(O)=C1,0
265535,COC1=CC=C2C=C1C1=CC(=CC=C1O)CC1C3=CC4=C(C=C3CCN1C)OC1=C(OC)C=C3CCN(C)C(C2)C3=C1O4,0
266493,O=C(O[C@@H]1[C@@H]2O[C@]2(CO)[C@H]2[C@H](O[C@@H]3O[C@H](CO)[C@@H](O)[C@H](O)[C@H]3O)OC=C[C@@H]12)C1=CC=C(O)C=C1,0
266484,CCCCCCCC/C=C/CCCCCCCC(=O)OCCOCC(OCCO)C1OC(OCCO)CC1OCCO,0
265520,COC(=O)C1=COC(OC2OC(CO)C(O)C(O)C2O)C2C(C)CC(=O)C12,0
265598,CCN1C=C(C(=O)O)C(=O)C2=CN=C(N3CCNCC3)N=C21,0
265584,CC1=C(C(C)C)C(=O)N(C2=CC=CC=C2)N1C,0
265607,CN1CCC23C4=C5C=CC(OCCN6CCOCC6)=C4OC2C(O)C=CC3C1C5,0
266153,COC1=CC2=C(C=C1)S(=O)(=O)NC2=O,0
266169,O=C(O)CCNC(=O)CC1=CC=C([N+](=O)[O-])C=C1,0
265562,CNC1C(OC2C(OC3C(O)C(O)C(N=C(N)N)C(O)C3N=C(N)N)OC(C)C2(O)C=O)OC(CO)C(O)C1O,0
265567,CC1OC(OC2C=C3CCC4C(CCC5(C)C(C6=COC(=O)C=C6)CCC45O)C3(C)CC2)C(O)C(OC2OC(CO)C(O)C(O)C2O)C1O,0
265570,CC1=C2C3OC(=O)C(C)C3C(O)CC2(C)C=CC1=O,0
265554,CC1=NOC(NS(=O)(=O)C2=CC=C(N)C=C2)=C1C,0
265599,CC(C)=CCCC(C)=CCCC(C)=CCN1CCN(CC2=CC=C3OCOC3=C2)CC1,0
265579,CCC12CCCN(CCC3=C(CC1)NC1=CC=CC=C13)C2,0
265557,COC1=CN=C(NS(=O)(=O)C2=CC=C(N)C=C2)N=C1,0
265601,CCC1OC(=O)C(C)C(=O)C(C)C(OC2OC(C)CC(N(C)C)C2O)C(C)CC(C)C(=O)C=CC1(C)O,0
266188,COC(=O)C1C(C)(C)CCC2OC(=O)C34CC(CC(O)C3C21COC(C)=O)C(C)C4=O,0
266224,OCC1=C(O[C@@H]2O[C@H](CO)[C@@H](O)[C@H](O)[C@H]2O)C=CC=C1,0
266210,N[C@@H](CC1=CNC=N1)C(=O)O,0
266222,O=C1C[C@@H](C2=CC=C(O)C=C2)OC2=CC(O[C@@H]3O[C@H](CO)[C@@H](O)[C@H](O)[C@H]3O)=CC(O)=C12,0
266225,COC1=C2C(=CC(F)=C1N1CCN[C@H](C)C1)C(=O)C(C(=O)O)=CN2C1CC1,0
266226,O=C1CCC2=C(C=C(O)C(O[C@@H]3O[C@H](CO)[C@@H](O)[C@H](O)[C@H]3O)=C2)O1,0
265237,O=C1C(O)=C(C2=CC=C(O)C=C2)OC2=C1C(O)=CC(O)=C2,0
266216,C=C(CO)C(=O)O[C@H]1CC(=C)[C@@H]2C[C@H](O)C(=C)[C@@H]2[C@H]2OC(=O)C(=C)[C@H]12,0
265235,O=C1C(O)=C(C2=CC(O)=C(O)C(O)=C2)OC2=C1C(O)=CC(O)=C2,0
266069,COC1=CC=C(C2CC3=C(C(=O)O2)C(O)=CC=C3)C=C1OC,0
266212,C[C@@H]1O[C@@H](O[C@H]2[C@H](OC3=CC4=C(C(=O)C[C@H](C5=CC=C(O)C=C5)O4)C(O)=C3)O[C@H](CO)[C@@H](O)[C@@H]2O)[C@H](O)[C@H](O)[C@H]1O,0
265216,O=C(C=CC1=CC=C(O)C=C1)C1=C(O)C=CC(O)=C1,0
265228,O=C1CC(C2=CC=C(O)C=C2)OC2=CC(O)=CC=C12,0
265221,O=C(C=CC1=CC=CC(O)=C1)C1=C(O)C=CC=C1,0
266223,O=C(/C=C/C1=CC=CC=C1)O[C@H]1CCN2C[C@@H]3C[C@@H](CN4C(=O)CCC[C@H]34)[C@@H]2C1,0
265219,O=C(C=CC1=CC=CC=C1)C1=CC=C(O)C=C1,0
265602,CC1=C(C=O)C(C)(C)CC(OC2OC(CO)C(O)C(O)C2O)C1,0
265220,O=C(C=CC1=CC(O)=C(O)C=C1)C1=C(O)C=C(O)C=C1O,0
266137,COC1OC(C)C(O)CC1O,0
265233,O=C1C2=CC(O)=CC=C2OC(C2=CC=C(O)C(O)=C2)=C1O,0
266217,OC[C@]1(O)OC[C@@H](O)[C@@H](O)[C@@H]1O,0
266214,CC[C@@H]1CN2CCC3=CC(OC)=C(OC)C=C3[C@H]2C[C@@H]1C[C@@H]1NCCC2=C1C=C(OC)C(OC)=C2,0
266020,CCCOC1=C([N+](=O)[O-])C=C([N+](=O)[O-])C=C1,0
266208,CN1CCC[C@H]1C1=CN=CC=C1,0
266080,COC1=C(O)C=C(CC(C)C2=CC=CC=C2)C=C1,0
266218,COC1=C(C[C@@H]2OC2(C)C)C2=C(C=CC(=O)O2)C=C1,0
265212,COC1=CC=C(C2=COC3=C(C=CC(OC)=C3)C2=O)C=C1,0
266879,CC1=C[C@H]2[C@@H]3[C@@H]4C(=C(C)[C@@H]3[C@]13[C@H]1OC(=O)[C@@H](C)[C@@H]1CC[C@](C)(O)[C@H]23)[C@H]1OC(=O)[C@@H](C)[C@@H]1CC[C@]4(C)O,0
266861,CC(=O)OC(C)(C)C=CC(=O)[C@](C)(O)C1[C@H](O)C[C@@]2(C)[C@@H]3CC=C4[C@@H](C[C@H](O)C(=O)C4(C)C)[C@]3(C)C(=O)C[C@]12C,0
266881,C=C(C(=O)O[C@H]1CC(C)=CCCC(CO)=C[C@H]2OC(=O)C(=C)[C@H]12)[C@@H](O)CO,0
265204,O=C1C(C2=CC(O)=C(O)C=C2)=COC2=CC(O)=CC=C12,0
266882,CC(C)(O)[C@H]1[C@@H]2C(=O)O[C@H]1[C@H]1OC(=O)[C@@]34O[C@@H]3C[C@]2(O)[C@@]14C,0
265578,O=C1C(O)=C(C2=CC=C(O)C(O)=C2)OC2=C1C(O)=CC(O)=C2,0
265625,CC1=CC(=O)N(C2=CC=CC=C2)N1C,0
266886,COC1=C(OC)C=C2C(=C1)N1C(=O)CC3OCC=C4CN5CC[C@@]26C1[C@H]3[C@H]4C[C@H]56,0
265184,O=C(O)CC1=CC=CC=C1NC1=C(Cl)C=CC=C1Cl,0
265187,ClC1=CC=C(COC(CN2C=CN=C2)C2=CC=C(Cl)C=C2Cl)C(Cl)=C1,0
265226,O=C1C2=CC=C(O)C=C2OC(C2=CC=C(O)C(O)=C2)C1O,0
265196,O=CC1=CC=CC2=CC=CC(C(=O)O)=C12,0
266866,CC(=O)O[C@@H]1C[C@]2(C)[C@H](CC[C@@H](O)[C@]2(C)O)[C@@](C=O)(C[C@@H](O)C2=COC=C2)[C@@H]1C,0
265189,CC1=CC=CC(NC2=C(C(=O)O)C=CC=C2)=C1C,0
265191,CCC1=C(C)CN(C(=O)NCCC2=CC=C(S(=O)(=O)NC(=O)NC3CCC(C)CC3)C=C2)C1=O,0
266877,N[C@@H](CC1=CNC2=CC=CC=C12)C(=O)N[C@@H](CC1=CC=CC=C1)C(=O)O,0
266867,N[C@@H](CC1=CNC2=C1C=CC=C2)C(=O)O,0
265668,CC1CC23CCCN4CCCC(C(=O)CC2)C43C1,0
265629,COC1=CC2=C3C=C1OCC1=C4C(=CC(OC)=C1O)CCN(C)C4CC1=CC=C(C=C1)OC1=C(O)C=CC(=C1)CC3N(C)CC2,0
266884,O=C1C(C2=CC=C(O)C=C2)=COC2=CC(OC3O[C@H](CO)[C@@H](O)[C@H](O)[C@H]3O)=CC=C12,0
265674,CCN1CC2(OC(=O)C3=C(NC(C)=O)C=CC=C3)CCC(OC)C34C1C(CC23)C1(O)CC(OC)C2CC4C1(O)C2OC,0
265883,CC1(C)OC(=O)C=C[C@@]2(C)[C@H]1CC(=O)[C@]1(C)[C@@H]2[C@@H](O)C[C@@]2(C)[C@H](C3=COC=C3)OC(=O)[C@H]3O[C@]321,0
265605,O=C(O)C1=CC=CC=C1C(=O)NC1=CC=C(S(=O)(=O)NC2=NC=CS2)C=C1,0
266876,OC1=CC(O)=C2C[C@H](O)[C@@H](C3=CC(O)=C(O)C=C3)OC2=C1,0
265210,COC1=C(O)C=C2OC=C(C3=CC=C(O)C=C3)C(=O)C2=C1,0
266880,C[C@@H]1C[C@H]2[C@@H]3CCC4=CC(=O)C=C[C@]4(C)[C@@]3(F)[C@@H](O)C[C@]2(C)[C@@]1(O)C(=O)CO,0
265706,CC1C(=O)OC2C(O)C34C5OC(=O)C3(OC3OC(=O)C(O)C34C(C(C)(C)C)C5O)C12O,0
266862,C=C(C)[C@H]1[C@@H]2C(=O)O[C@H]1[C@H]1OC(=O)[C@@]34O[C@@H]3C[C@]2(O)[C@@]14C,0
265729,CS(C)=O,0
265738,CC(CCC(=O)O)C1CCC2C3C(=O)CC4CC(=O)CCC4(C)C3CC(=O)C12C,0
265551,CCCCC1(COC(=O)CCC(=O)O)C(=O)N(C2=CC=CC=C2)N(C2=CC=CC=C2)C1=O,0
265434,CCN1C=C(C(=O)O)C(=O)C2=CC(F)=C(N3CCNCC3)N=C21,0
265230,O=C1CC(C2=CC=CC=C2)OC2=CC=CC=C12,0
266872,O=C(O[C@@H]1CC2=C(O)C=C(O)C=C2O[C@@H]1C1=CC(O)=C(O)C(O)=C1)C1=CC(O)=C(O)C(O)=C1,0
265443,C=CC1=CN=CC2=C1CCOC2=O,0
265433,CCN1C=C(C(=O)O)C(=O)C2=C1C(F)=C(N1CCNC(C)C1)C(F)=C2,0
265402,CC(C)(O)CC1=CC=CC=C1,0
265242,O=C1C(O)=C(C2=CC=CC=C2O)OC2=C1C(O)=CC(O)=C2,0
266538,C[C@@H]1C[C@@H]2OC(=O)[C@]3(C)[C@H]2[C@@H](OC3(C)O)[C@]2(C)C(=O)C=C[C@@H]12,0
265575,CC1CCC2(C(=O)O)CCC3(C(=O)O)C(=CCC4C5(C)CCC(O)C(C)(C)C5CCC43C)C2C1C,0
265426,CC(C)CNCC(C)C,0
266873,CCC[C@@H]1C[C@@H](C(=O)NC(C(C)Cl)[C@H]2O[C@H](SC)[C@H](O)[C@@H](O)[C@H]2O)N(C)C1,0
265395,CCC(=O)OCC(COC(=O)CC)OC(=O)CC,0
265408,CC(C)COC(=O)C1=CC=CC=C1O,0
266539,C=C[C@@]12COC(=O)C(=C)[C@@H]1[C@H]1OC(=O)C(=C)[C@@H]1[C@@H](OC(=O)C(=C)CO)C2,0
265185,O=C(O)C1=CC=CN=C1NC1=CC(C(F)(F)F)=CC=C1,0
265393,CCC(=O)OCCC(C)CCC=C(C)C,0
266869,C=C[C@H]1[C@H](O[C@@H]2O[C@H](CO)[C@@H](O)[C@H](O)[C@H]2OC(=O)C2=C(O)C=C(O)C=C2C2=CC=CC(O)=C2)OC=C2C(=O)OCC[C@H]21,0
265438,CC1COC2=C3C(=CC(F)=C2N2CCN(C)CC2)C(=O)C(C(=O)O)=CN31,0
265436,CN1CCN(CC(=O)N2C3=CC=CC=C3C(=O)NC3=CC=CN=C32)CC1,0
265675,O=C(CS(=O)CC1=CC=CO1)NCC=CCOC1=CC(CN2CCCCC2)=CC=N1,0
265514,CCOCC1=C(O)C(C(=O)O)=C(C)C2=C1OC(=O)C1=C(C)C=C(O)C(C=O)=C1O2,0
265437,CCN(CC)CCNC(=O)C1=CC=C(N)C=C1,0
265241,O=C1C2=CC=C(O)C=C2OC(C2=CC=C(O)C(O)=C2)=C1O,0
265239,O=C1C(O)=C(C2=CC=C(O)C=C2)OC2=C1C(O)=CC(O)=C2O,0
266540,C=C[C@@]12COC(=O)C(=C)[C@@H]1[C@@H](O)[C@H](C(=C)C(=O)OC)[C@@H](OC(=O)C(=C)CO)C2,0
266533,CC1=CC(=O)[C@@H](O)[C@@]2(C)[C@H]1C[C@H]1OC(=O)C[C@H]3[C@@H](C)[C@@H](O)[C@H](O)[C@H]2[C@]31C,0
265498,C=CC1C(OC2OC(CO)C(O)C(O)C2O)OC=C2C(=O)NCCC21,0
266535,CC1(C)CC[C@]2(C(=O)O)CC[C@]3(C)C(=CC[C@@H]4[C@@]5(C)CC[C@H](O)C(C)(C)[C@@H]5CC[C@]43C)[C@@H]2C1,0
265464,CCC1CN2CCC3=CC(OC)=C(OC)C=C3C2CC1CC1NCCC2=CC(O)=C(OC)C=C21,0
265465,COCC1=C(C(=O)OC(C)OC(=O)OC(C)C)N2C(=O)C(NC(=O)C(=NOC)C3=CSC(N)=N3)C2SC1,0
265487,C=CCC1(C2=CC=CC=C2)C(=O)NC(=O)NC1=O,0
265508,CCOC1=CC=C2N=CC=C(C(O)C3CC4CCN3CC4CC)C2=C1,0
266543,O=C1C=C[C@@H](CO[C@@H]2O[C@H](CO)[C@@H](O)[C@H](O)[C@H]2O)O1,0
266532,CC1C(=O)OC2C1CCC1(C)C(=O)C=CC(C)(O)C21,0
265490,C=C(Br)CC1(C(C)C)C(=O)NC(=O)N(C)C1=O,0
265504,C=C(Br)CC1(C(C)CC)C(=O)NC(=O)NC1=O,0
266537,C[C@H]1CC[C@@]2(OC1)O[C@H]1C[C@H]3[C@@H]4CC[C@@H]5C[C@@H](O[C@@H]6O[C@H](CO[C@@H]7O[C@H](CO)[C@@H](O)[C@H](O)[C@H]7O)[C@@H](O[C@@H]7O[C@@H](C)[C@H](O)[C@@H](O)[C@H]7O)[C@H](O)[C@H]6O[C@@H]6O[C@H](CO)[C@@H](O)[C@H](O)[C@H]6O)CC[C@]5(C)[C@H]4CC[C@]3(C)[C@H]1[C@@H]2C,0
265494,C=C1C2CCC3C(CCC4C5(C)CCCC43CN3CCOC35)(C2)C1O,0
265501,O=C(C(Cl)Cl)N(CCO)CC1=C(Cl)C=C(Cl)C=C1,0
265496,CCC(Br)(CC)C(N)=O,0
266924,CC(C)C[C@H](N)C(=O)O,0
266929,CC(C)C[C@H](NC(=O)[C@@H](N)CC1=CC=CC=C1)C(=O)O,0
266931,NCC(=O)N[C@@H](CC1=CC=CC=C1)C(=O)O,0
265369,CCCOC(=O)C1=CC(O)=C(O)C(O)=C1,0
265425,O=C1CCCCCCC1,0
266220,C[C@@H](N)C(=O)O,0
267228,N[C@@H](CC1=CC=CC=C1)C(=O)O,0
265951,NC(N)=O,0
267245,OCC1=CC=C(O)C=C1,0
264672,CC1OC(O)C(O)C(O)C1O,0
265428,CCOC(=O)C1=CC=CC=C1,0
265711,OCC1=CC=CO1,0
265403,COC1=CC=C(C(C)=O)C=C1,0
265401,CCOC(=O)CC1=CC=CC=C1,0
265406,C=CCC1=CC=C(OC)C(OC)=C1,0
265354,CCCOC=O,0
265371,O=CCC1=CC=CC=C1,0
265364,COC(C)=O,0
265366,CC(C)CC(N)C(=O)O,0
265404,CC(=O)C1=CC=CC=C1,0
265405,CCOC(=O)CC(=O)C1=CC=CC=C1,0
265400,CCC(=O)OCCC(C)C,0
265363,CC1=CC=C2OC(=O)C=CC2=C1,0
265356,CCCOC(=O)CC,0
265358,CC(C)C(=O)OCCCC1=CC=CC=C1,0
265396,CC(=O)OCC(C)C,0
265365,NC(CC1=CC=CC=C1)C(=O)O,0
265394,CC(=O)OCC1=CC=CC=C1,0
265391,CCCCCCOC(C)=O,0
265386,CCC(=O)OC(C)C,0
265352,O=CC1=CC2=C(C=C1)OCO2,0
265350,COC1=CC=CC=C1C=O,0
265382,CCC1=C(O)C(=O)C=CO1,0
265384,CC12CCC(C1)C(C)(C)C2O,0
265444,C1CCNCC1,0
265345,CC(=O)OCC1=CC=C2OCOC2=C1,0
265349,CC(C)CC(=O)OCCC1=CC=CC=C1,0
265389,CCC(=O)OCC(C)C,0
265390,COC1=CC=C(OC)C=C1,0
265343,CCCOC(=O)CC(C)C,0
265388,CCCCCC(C)O,0
265346,CCCCCCCCCOC(C)=O,0
265209,COC1=C(OC2OC(CO)C(O)C(O)C2O)C=C2OC=C(C3=CC=C(O)C=C3)C(=O)C2=C1,0
265338,COC1=CC=C(C=O)C=C1,0
267227,CCCCCCCCCCCCC=O,0
265506,O=C(O)C=CC1=CC=CC=C1OC1OC(CO)C(O)C(O)C1O,0
265381,CC(=O)OCCC(C)C,0
265727,OCCN(CCO)C1=NC2=C(N3CCCCC3)N=C(N(CCO)CCO)N=C2C(N2CCCCC2)=N1,0
265339,CC(=O)OCCCC1=CC=CC=C1,0
266506,CC1=CC(=O)[C@@H](O)[C@@]2(C)[C@H]1C[C@H]1OC(=O)C[C@H]3[C@@H](C)[C@@H](O)[C@]4(O)OC[C@@]31[C@@H]24,0
265663,COC1=CC=C2COC(=O)C2=C1OC,0
265673,CC(C)(C#N)OC1OC(CO)C(O)C(O)C1O,0
265900,C/C(=C\CC[C@@H](C)[C@H]1CC[C@@]2(C)[C@@H]3CC=C4[C@@H](CC[C@H](O[C@@H]5O[C@H](CO)[C@@H](O)[C@H](O)[C@H]5O)C4(C)C)[C@]3(C)C(=O)C[C@]12C)CO[C@@H]1O[C@H](CO[C@@H]2O[C@H](CO)[C@@H](O)[C@H](O)[C@H]2O)[C@@H](O)[C@H](O)[C@H]1O,0
265193,C=C1C(O)CCC(C)=CC2OC(=O)C(C)C2CC1OC(C)=O,0
265513,CC(C1CCC2C3CCC4CC(N)CCC4(C)C3CCC21C)N(C)C,0
266209,COC1=C[C@@H](C)[C@@H]2C[C@H]3OC(=O)C[C@H]4C(C)=C(OC)C(=O)[C@H]([C@@]2(C)C1=O)[C@@]34C,0
265887,COC1=C[C@@H](C)[C@@H]2C[C@H]3O[C@H](O)C[C@H]4C(C)=C(OC)C(=O)[C@H]([C@@]2(C)C1=O)[C@@]34C,0
266909,CC[C@H]1OC(=O)[C@H](C)[C@@H](O[C@H]2C[C@@](C)(OC)[C@@H](O)[C@H](C)O2)[C@H](C)[C@@H](O[C@@H]2O[C@H](C)C[C@H](N(C)C)[C@H]2O)[C@](C)(OC)C[C@@H](C)C(=O)[C@H](C)[C@@H](O)[C@]1(C)O,0
265884,CO[C@@H]1[C@@H](OC(C)=O)[C@@H]2[C@@]3(C)C(=O)[C@@H](O)C[C@@H](C)[C@@H]3C[C@H]3OC(=O)C[C@@H]([C@H]1C)[C@@]23C,0
265958,CCOC(=O)C1=CC=C(O)C(OC)=C1,0
265296,CNC(CC(C)C)C(=O)NC1C(=O)NC(CC(N)=O)C(=O)NC2C(=O)NC3C(=O)NC(C(=O)NC(C(=O)O)C4=C(C(O)=CC(O)=C4)C4=CC3=CC=C4O)C(O)C3=CC=C(OC4=CC2=CC(=C4OC2OC(CO)C(O)C(O)C2OC2CC(C)(N)C(O)C(C)O2)OC2=CC=C(C=C2Cl)C1O)C(Cl)=C3,0
280617,CC(C)CC(=O)O[C@@H]1C[C@H](C)CC[C@H]1C(C)C,0
266955,C[C@]12CC(=O)[C@H]3[C@@H](CCC4=CC(=O)C=C[C@@]43C)[C@@H]1CC[C@]2(O)C(=O)CO,0
265654,CC[N+](C)(CC)CCOC(=O)C1C2=CC=CC=C2OC2=C1C=CC=C2,0
291807,C[C@H](CCC(=O)O)[C@H]1CC[C@H]2[C@@H]3C(=O)C[C@@H]4CC(=O)CC[C@]4(C)[C@H]3CC(=O)[C@@]21C,0
265510,CCCCCCCCCCCCNC(=O)C[N+](C)(C)CC1=CC=CC=C1,0
265457,O=C(O)C1=CC(C2=CC=CC=C2)=NC2=CC=CC=C21,0
265713,CC1=CC=C(F)C=C1,0
291809,CCN1CC2(COC)C(O)CC(OC)C34[C@@H]2C(OC)C([C@@H]13)[C@@]1(O)C(O)C(OC)[C@@]2(O)C[C@@H]4[C@@H]1C2O,0
265488,C[N+](C)(C)CCCCC[N+](C)(C)C,0
265718,CCOC(=O)C(C1=C(O)OC2=CC=CC=C2C1=O)C1=C(O)OC2=C(C=CC=C2)C1=O,0
265852,[CH3:1][O:2][C:3]1=[CH:4][CH:5]=[C:6]2[N:7]=[CH:8][CH:9]=[C:10]([CH:11]([OH:12])[CH:13]3[CH2:14][CH:15]4[CH2:16][CH2:17][N:18]3[CH2:19][CH:20]4[CH:21]=[CH2:22])[C:23]2=[CH:24]1,0
265725,C1=CC(C2=CC=NC=C2)=CC=N1,0
265651,CC1=CC(OCCOCC[N+](C)(C)CC2=CC=CC=C2)=CC=C1C(C)(C)CC(C)(C)C,0
291810,CN[C@H](CC(C)C)C(=O)N[C@H]1C(=O)N[C@@H](CC(N)=O)C(=O)N[C@H]2C(=O)N[C@H]3C(=O)N[C@H](C(=O)N[C@H](C(=O)O)C4=C(C(O)=CC(O)=C4)C4=C(O)C=CC3=C4)[C@H](O)C3=CC(Cl)=C(C=C3)OC3=C(O[C@@H]4O[C@H](CO)[C@@H](O)[C@H](O)[C@H]4O[C@H]4C[C@](C)(N)[C@H](O)[C@H](C)O4)C(=CC2=C3)OC2=C(Cl)C=C(C=C2)[C@H]1O,0
291811,CCC(C)(O)C(=O)OC1C(=O)OC2CC3C(C)=C[C@H](O)[C@@H](O)[C@]3(C)C3C24CO[C@]3(O)[C@H](O)[C@H](C)C14,0
291813,CN[C@@H]1[C@H](O[C@H]2[C@H](O[C@@H]3[C@@H](N=C(N)N)[C@H](O)[C@@H](N=C(N)N)[C@H](O)[C@H]3O)O[C@@H](C)[C@]2(O)C=O)O[C@@H](CO)[C@H](O)[C@H]1O,0
265682,CC(I)C1OCC(CO)O1,0
265560,C[N+](C)(C)CCOC(=O)CCC(=O)OCC[N+](C)(C)C,0
291814,CC(=O)O[C@H]1C[C@@H]2CC[C@@H]3[C@H](CC[C@@]4(C)[C@H]3C[C@H]([N+]3(C)CCCCC3)[C@@H]4OC(C)=O)[C@@]2(C)C[C@@H]1[N+]1(C)CCCCC1,0
265789,O=C(O)C1=CC(=O)C2=CC(OCC(O)COC3=C4C(=O)C=C(C(=O)O)OC4=CC=C3)=CC=C2O1,0
265468,CCOC(=O)N1C=CN(C)C1=S,0
265573,OC1CCCN2CC3CC(CN4CCCCC34)C12,0
280054,CC(C)(C#N)O[C@@H]1O[C@H](CO)[C@@H](O)[C@H](O)[C@H]1O,0
265691,OO,0
291805,CN(C)C(=N)N=C(N)N,0
291806,CNC[C@H](O)C1=CC=CC(O)=C1,0
291815,CC(C)(O)[C@@H]1C2OC(=O)C1[C@]1(O)C[C@H]3O[C@]34C(=O)O[C@H]2[C@@]41C,0
291816,CC(=O)OC[C@H]1O[C@H](O[C@]2(COC(C)=O)O[C@H](COC(C)=O)[C@@H](OC(C)=O)[C@@H]2OC(C)=O)[C@H](OC(C)=O)[C@@H](OC(C)=O)[C@@H]1OC(C)=O,0
266875,COC1=CC([C@H]2OC3=CC([C@H]4OC5=CC(O)=CC(O)=C5C(=O)[C@@H]4O)=CC=C3O[C@@H]2CO)=CC=C1O,0
291818,COC1C[C@H](O[C@H]2CC[C@]3(C)C4CC[C@]5(C)[C@@H](C6=CC(=O)OC6)CC[C@]5(O)C4CC[C@]3(O)C2)OC(C)[C@H]1O,0
291819,COCC(=O)O[C@]1(CCN(C)CCCC2=NC3=CC=CC=C3N2)CCC2=C(C=CC(F)=C2)[C@@H]1C(C)C,0
291820,COC1=CC=C([C@@H]2SC3=CC=CC=C3N(CCN(C)C)C(=O)[C@@H]2OC(C)=O)C=C1,0
291822,COC1=CC([C@@]2(O)CCCC[C@@H]2CN(C)C)=CC=C1,0
265692,CCN(CC)CC1=C(O)C=CC(NC2=C3C=CC(Cl)=CC3=NC=C2)=C1,0
291823,CC1=C2[C@H]3OC(=O)[C@@H](C)[C@@H]3[C@@H](O)C[C@@]2(C)C=CC1=O,0
266957,OC[C@H]1O[C@@H](OC2=CC=CC=C2)[C@H](O)[C@@H](O)[C@@H]1O,0
291824,CN[C@@H](C)CC1=CC=CC=C1,0
265587,N=C(N)C1=CC=C(OCCCOC2=CC=C(C(=N)N)C=C2)C=C1,0
291825,CCC[C@@H]1C[C@@H](C(=O)N[C@H]([C@@H](C)O)[C@H]2O[C@H](SC)[C@H](O)[C@@H](O)[C@H]2O)N(C)C1,0
291826,CCC(=O)C1=CC=C2SC3=C(C=CC=C3)N(CC(C)N(C)C)C2=C1,0
291827,COC1=C[C@@H](C)[C@@H]2C[C@H]3OC(O)C[C@H]4C(C)=C(OC)C(=O)[C@H]([C@@]2(C)C1=O)[C@@]34C,0
265719,CCOC(CN1CCN(CC(C)C(=O)C2=CC=CC=C2)CC1)C1=CC=CC=C1,0
291828,COC1=CC2=C3C=C1OCC1=C4C(=CC(OC)=C1O)CCN(C)[C@H]4CC1=CC=C(C=C1)OC1=CC(=CC=C1O)C[C@H]3N(C)CC2,0
266911,C=C[C@H]1CN2CC[C@H]1C[C@@H]2[C@@H](O)C1=C2C=CC=CC2=NC=C1,0
265741,CNC(C)CC1CCCC1,0
291830,C[C@H](CN1CCOCC1)C(C(=O)N1CCCC1)(C1=CC=CC=C1)C1=CC=CC=C1,0
291831,CC[C@@]12CCCN(CCC3=C(CC1)NC1=CC=CC=C13)C2,0
265461,CC1=CC=CC=C1CN1CCN(CCOC(C2=CC=CC=C2)C2=C(Cl)C=CC=C2)CC1,0
291832,C[C@H]1[C@H]2CC[C@H]3[C@@H]4CC=C5C[C@@H](N(C)C)CC[C@]5(C)[C@H]4CC[C@]23CN1C,0
291833,CCN1C[C@]2(OC(=O)C3=CC=CC=C3NC(C)=O)CC[C@H](OC)C34C1C(C[C@@H]32)[C@@]1(O)C[C@H](OC)[C@H]2C[C@@H]4[C@]1(O)[C@H]2OC,0
265705,CC1C(=O)OC2CC34C5CC(C(C)(C)C)C36C(OC(=O)C6O)OC4(C(=O)O5)C21O,0
265730,CCN(CC)CC(C)(C)COC(=O)C1=CC=C(N)C=C1,0
291834,C[C@@H]1[C@H]2C3=CC[C@@H]4[C@@]5(C)CC[C@H](O)C(C)(C)[C@@H]5CC[C@@]4(C)[C@]3(C(=O)O)CC[C@@]2(C(=O)O)CC[C@H]1C,0
291835,CC1=C(C=O)C(C)(C)C[C@H](O[C@@H]2O[C@H](CO)[C@@H](O)[C@H](O)[C@H]2O)C1,0
265592,CCN(CC)CCOC(=O)C1=CC=C(N)C=C1,0
291836,NC[C@@H]1CC[C@@H](N)[C@@H](O[C@@H]2[C@@H](N)C[C@@H](N)[C@H](O[C@H]3O[C@H](CO)[C@@H](O)[C@H](N)[C@H]3O)[C@H]2O)O1,0
291837,C[C@@H]([C@H]1CC[C@H]2[C@@H]3CC[C@H]4C[C@@H](N)CC[C@]4(C)[C@H]3CC[C@]12C)N(C)C,0
278556,COC(=O)C1=CO[C@@H](O[C@@H]2O[C@H](CO)[C@@H](O)[C@H](O)[C@H]2O)[C@@H]2[C@@H](C)CC(=O)[C@H]12,0
280137,O=C1C(C2=CC=C(O)C=C2)=COC2=CC(O[C@@H]3O[C@H](CO)[C@@H](O)[C@H](O)[C@H]3O)=CC=C12,0
265750,COC1=C(O)C=C2C(=C1)CCN(C)C2CC1=CC(OC)=C(OC)C=C1,0
265764,C=C1CC(O)C2C(=C)C(=O)OC2C2C(C)C(=O)CC12,0
281446,OC1=CC=C([C@H]2COC3=CC(O)=CC=C3C2)C=C1,0
281761,C[C@H]1COC2=C3C(=CC(F)=C2N2CCN(C)CC2)C(=O)C(C(=O)O)=CN31,0
291838,C=C[C@H]1CNCC[C@H]1CCC(=O)C1=C2C=C(OC)C=CC2=NC=C1,0
291839,CC1=C2[C@H]3OC(=O)[C@@H](C)[C@@H]3CC[C@@]2(C)C=CC1=O,0
291840,CC1OC(O[C@@H]2C=C3CC[C@@H]4[C@H](CC[C@]5(C)[C@@H](C6=COC(=O)C=C6)CC[C@]45O)[C@@]3(C)CC2)C(O)C(OC2OC(CO)C(O)C(O)C2O)C1O,0
265290,CC(C)CC(N)C(=O)NC(CC(C)C)C(=O)NC(CC(C)C)C(=O)O,0
291841,C[C@]12CC[C@H](O)C[C@H]1CC[C@@H]1[C@@H]2[C@H](O)C[C@]2(C)[C@@H](C3=COC(=O)C=C3)CC[C@]12O,0
265687,CS(=O)(=O)OCCCNCCCOS(C)(=O)=O,0
291842,COC1=CC2=C3C(=C1OC)OC1=C(OC)C=C4CCN(C)C(CC5=CC=C(O)C(=C5)OC5=CC=C(C=C5)CC3N(C)CC2)C4=C1,0
291843,C[C@@H]1C(=O)O[C@H]2CC34[C@H]5C[C@@H](C(C)(C)C)C36C(O)C(=O)O[C@H]6O[C@@]4(C(=O)O5)[C@]21O,0
265525,O=C1N(CC2=CC=CC=C2)C2C[S+]3CCCC3C2N1CC1=CC=CC=C1,0
291844,C=C1[C@H]2CC[C@@H]3[C@@](CC[C@@H]4[C@@]5(C)CCC[C@]43CN3CCOC35)(C2)[C@H]1O,0
291845,CC1=C[C@@H]2[C@@H]3[C@@H]4C(=C(C)[C@@H]3[C@]13[C@H]1OC(=O)[C@@H](C)[C@@H]1CC[C@](C)(O)[C@H]23)[C@H]1OC(=O)[C@@H](C)[C@@H]1CC[C@]4(C)O,0
291846,CC[C@H]1CN2CCC3=CC(OC)=C(OC)C=C3[C@@H]2C[C@@H]1C[C@H]1NCCC2=C1C=C(OC)C(O)=C2,0
291847,COC1=CC2=C3C4=C1OC1=C(C=C5C(=C1)CCN(C)[C@H]5CC1=CC(=C(O)C=C1)C1=C(OC)C=CC(=C1)C[C@@H]3N(C)CC2)O4,0
291848,C=C[C@H]1[C@H](O[C@@H]2O[C@H](CO)[C@@H](O)[C@H](O)[C@H]2O)OC=C2C(=O)OCC[C@]21O,0
291849,C=C[C@H]1[C@H](O[C@@H]2O[C@H](CO)[C@@H](O)[C@H](O)[C@H]2O)OC=C2C(=O)NCC[C@H]21,0
265536,O=C(CN1C(=O)SC2=CC=C(Cl)C=C21)N1CCN(CCO)CC1,0
291850,CC(C)C1=CC2=C(C(O)=C1O)[C@@]13CCCC(C)(C)C1CC2OC3=O,0
291851,C[C@H](CC(=O)C[C@@H](C)[C@H]1C[C@H](O)[C@@]2(C)C3=C(C(=O)C[C@]12C)[C@@]1(C)CCC(=O)C(C)(C)[C@@H]1C[C@@H]3O)C(=O)O,0
266937,C=C1C(=O)O[C@H]2[C@H]1CC[C@]1(C)O[C@@]13CC=C(C)[C@@H]23,0
291852,COC(=O)[C@@H]1[C@H](OC(=O)C2=CC=CC=C2)C[C@@H]2CC[C@H]1N2C,0
291853,CN1[C@H]2CC[C@@H]1CC(OC(=O)C(CO)C1=CC=CC=C1)C2,0
265609,O=C1NC(=O)C(C2=CC=CC=C2)(C2=CC=CC=C2)N1,0
265270,CC(C)OC1=NS(=O)(=O)C2=C1C=CC=C2,0
265466,CC1=NN=C(SCC2=C(C(=O)O)N3C(=O)C(NC(=O)CN4C=NN=N4)C3SC2)S1,0
291855,COC1=CC2=C(OC(=O)C=C2)C(O[C@@H]2O[C@H](CO)[C@@H](O)[C@H](O)[C@H]2O)=C1O,0
291856,C/C=C1/C[C@@H](C)[C@@](C)(O)C(=O)OCC2=CCN3CC[C@@H](OC1=O)[C@@H]23,0
291857,CC[C@@H](CO)NC(=O)[C@@H]1C=C2C3=C4C(=CNC4=CC=C3)C[C@H]2N(C)C1,0
291858,C=C1C2=C(C(O)=CC=C2)C(O)=C2C(=O)[C@]3(O)C(=O)/C(=C(/N)O)C(=O)[C@@H](N(C)C)[C@@H]3[C@@H](O)[C@H]12,0
265481,[Ba+2],0
291859,CNC[C@H](O)C1=CC(O)=CC=C1,0
266865,C=C1CC[C@H]2[C@@](C)(CC[C@@H](O)[C@@]2(C)CO)[C@@H]1CC=C1C(=O)OC[C@H]1O,0
265797,CC(C)=CCC1=C(O)C=C(O)C2=C1OC(C1=CC=C(O)C=C1)CC2=O,0
265765,O=C1C2=C(O)C=CC=C2C(C2OC(CO)C(O)C(O)C2O)C2=CC(CO)=CC(O)=C12,0
265635,CC(=O)OC1CC(=O)OC(C)(C)C2CC(=O)C3(C)C(CCC4(C)C(C5=COC=C5)OC(=O)C5OC543)C12C,0
265772,CC1(C)OC2CC(=O)OCC23C1CC(=O)C1(C)C3CCC2(C)C(C3=COC=C3)OC(=O)C3OC321,0
265748,CC12CC(C3=COC=C3)OC(=O)C1CCC1(C)C2C2C=CC1(O)C(=O)O2,0
281462,C[C@]12C[C@H](O)[C@H]3[C@@H](CCC4=CC(=O)CC[C@@]43C)[C@@H]1CC[C@@]2(O)C(=O)CO,0
282036,CC1(C)O[C@@H]2CO[C@@]3(COS(N)(=O)=O)OC(C)(C)O[C@H]3[C@@H]2O1,0
278967,O=C1C2=C(O)C=C(O)C=C2O[C@H](C2=CC=C(O)C(O)=C2)[C@H]1O,0
283851,O=C(O)/C=C\C1=CC=CC=C1O[C@@H]1O[C@H](CO)[C@@H](O)[C@H](O)[C@H]1O,0
291860,CN1CC[C@]23C4=C5O[C@H]2[C@@H](O)C=CC3[C@H]1CC4=CC=C5OCCN1CCOCC1,0
291861,COC1=CC2=C(C=C1)C[C@H]1[C@H]3CCCC[C@@]23CCN1C,0
291863,CC[C@H]1CN2CCC3=C(C=C(OC)C(OC)=C3)[C@@H]2C[C@@H]1CC1=C2C=C(OC)C(=O)C=C2CCN1,0
291864,COC1=C(OC)C2=C(C=C1)C[C@H]1N(C)CC[C@@]23C[C@H](O)CC[C@@]13O,0
291865,CN1CC[C@]23C4=C5O[C@H]2[C@@H](O)C=C[C@H]3[C@H]1CC4=CC=C5O,0
265580,COC1=CC=C2NC3=CC(Cl)=CC=C3C(N=C3C=C(CN4CCCC4)C(=O)C(CN4CCCC4)=C3)=C2N1,0
291866,CC1=CC2=C(C=C1)C[C@@H]1[C@H]3CCCC[C@@]23CCN1C,0
291867,CC(CS)C(=O)N1CCC[C@@]1(C(=O)O)C(=O)[C@@H](C)NC(=O)C1CCCCC1,0
291868,COC1=C(O[C@@H]2O[C@H](CO)[C@@H](O)[C@H](O)[C@H]2O)C=CC(C=O)=C1,0
291869,COCC1=C(C(=O)OC(C)OC(=O)OC(C)C)N2C(=O)[C@@H](NC(=O)/C(=N\OC)C3=CSC(N)=N3)[C@H]2SC1,0
265822,NC(=NCCCCCC/N=C(\N)N=C(N)NC1=CC=C(Cl)C=C1)N=C(N)NC1=CC=C(Cl)C=C1,0
265518,CC(=O)CC(C1=CC=CC=C1)C1=C(O)C2=C(C=CC=C2)OC1=O,0
291870,CC1=C(C=O)C(C)(C)C[C@H](O[C@@H]2O[C@H](CO)C(O)[C@H](O)C2O)C1,0
265493,CCCCCCC1(CC)C(=O)N=C(O)NC1=O,0
265658,COC(C[Hg])CNC(=O)C1=CC=CC=C1OCC(=O)O,0
265503,C=C(Br)CC1(C(C)CC)C(=O)N=C(O)NC1=O,0
291871,C=C1[C@@H]2CC[C@@H](C2)[C@@]1(C)CC/C=C(/C)COC(C)=O,0
279810,O=C(/C=C\C1=CC=C(O)C=C1)C1=CC=CC=C1,0
291872,CC1=CC2=C(C=C1C)[N+](C[C@@H](O)[C@@H](O)[C@@H](O)CO)=C1NC(=O)NC(=O)C1=N2,0
291862,O=C1C(C2=CC=CC=C2)=COC2=C1C(O)=CC(O)=C2,0
265784,NC(N)=NC1=NC(CSCCC(N)=NS(N)(=O)=O)=CS1,0
265758,C=C1CC2OC(=O)C(=C)C2C(O)C=C(C)CCC1O,0
278264,O=C(O[C@@H]1O[C@H](CO)[C@@H](O)[C@H](O)[C@H]1O)C1=CC(O)=C(O)C(O)=C1,0
278383,O=C1C[C@@H](C2=CC=C(O)C=C2)OC2=CC(O)=CC(O)=C12,0
265559,CC(=O)OCC1OC(OC2(COC(C)=O)OC(COC(C)=O)C(OC(C)=O)C2OC(C)=O)C(OC(C)=O)C(OC(C)=O)C1OC(C)=O,0
265902,C[C@H]1[C@H]2[C@H](C[C@H]3[C@@H]4CC[C@@H]5C[C@@H](O[C@@H]6O[C@H](CO)[C@@H](O)[C@H](O)[C@H]6O[C@@H]6O[C@H](CO)[C@@H](O)[C@H](O)[C@H]6O)CC[C@]5(C)[C@H]4CC[C@@]32C)O[C@]1(O)CC[C@@H](C)CO[C@@H]1O[C@H](CO)[C@@H](O)[C@H](O)[C@H]1O,0
292614,CCC(C)C(=O)C1=C(O)C(CC=C(C)C)C(=O)C(O)(CC=C(C)C)C1=O,0
265301,O=S(=O)(O)ON=C(CC1=CNC2=CC=CC=C12)SC1OC(CO)C(O)C(O)C1O,0
293073,CC(C)CO,0
266897,OC1=CC(O)=C2C[C@@H](O)[C@@H](C3=CC(O)=C(O)C=C3)OC2=C1,0
279285,CC1=C2[C@@H]3OC(=O)[C@H](C)[C@@H]3CC[C@]2(C)C=CC1=O,0
266934,C=C1C(=O)O[C@@H]2C=C(C)CC[C@@H](O)C(=C)CC[C@@H]12,0
288255,O=S(=O)(O)NC1CCCCC1,0
265333,CCC(=O)OC(C)(C)C1CC=C(C)CC1,0
294627,CC1=CC(O)=C(C=O)C=C1,0
265829,COC1=C(OC)C2=C(C=C1)C(C1C3=C(C=C4OCOC4=C3OC)CCN1C)OC2=O,0
295508,COC(CC(C)=O)OC,0
295582,CC1=CC(=O)NS(=O)(=O)O1,0
295604,CC(C)=CCC1=C(O)C(O)(CC=C(C)C)C(O)=C(C(=O)C(C)C)C1=O,0
280193,CC(=O)OC[C@H]1O[C@@H](OC(C)=O)[C@H](OC(C)=O)[C@@H](OC(C)=O)[C@@H]1OC(C)=O,0
295933,CC(CCC(=O)O)C1CCC2C3C(O)CC4CC(O)CCC4(C)C3CC(O)C12C,0
265831,CC(=O)OC(C)(C)C=CC(=O)C(C)(O)C1C(O)CC2(C)C3CC=C4C(CC(O)C(=O)C4(C)C)C3(C)C(=O)CC12C,0
296506,CC(C)=CCC[C@@H](C)CCO,0
265662,CC1CCC(C(C)C)C(=O)C1,0
297025,CC1=C[C@@H]2C3C(C(C)=C4[C@H]5OC(=O)[C@@H](C)C5CC[C@](C)(O)[C@@H]43)[C@]13C1OC(=O)[C@@H](C)[C@@H]1CC[C@](C)(O)C23,0
280456,C/C=C1\[C@H](O[C@@H]2O[C@H](CO)[C@@H](O)[C@H](O)[C@H]2O)OC=C(C(=O)OC)[C@H]1CC(=O)OCCC1=CC=C(O)C(O)=C1,0
297341,CC(C)[C@]12CC(=O)[C@H](C)[C@H]1C2,0
265926,O=C(CCC1=CC=C(O)C=C1)C1=C(O[C@@H]2O[C@H](CO)[C@@H](O)[C@H](O)[C@H]2O)C=C(O)C=C1O,0
297790,C=C1C(=O)O[C@H]2[C@H]1CC=C1CC(C)(CC[C@H]1OO)[C@H]2O,0
280564,C[C@@H]1C(=O)O[C@H]2[C@H](O)[C@]34[C@@H]5OC(=O)[C@]3(O[C@@H]3OC(=O)[C@H](O)[C@@]34[C@H](C(C)(C)C)[C@H]5O)[C@@]12O,0
280565,C[C@@H]1C(=O)O[C@H]2[C@H](O)[C@@]34[C@H]5C[C@@H](C(C)(C)C)[C@]36[C@@H](OC(=O)[C@@H]6O)O[C@@]4(C(=O)O5)[C@@]12O,0
280614,CCCCCCCCCCCC(=O)OC[C@@H](O)[C@H]1OC[C@H](OCCO)[C@H]1OCCO,0
298180,CCCCCCCCCCCC(=O)OCCOCC(OCCO)[C@H]1OCC(OCCO)[C@H]1OCCO,0
266013,COC1=CC=C(C2CC(=O)C3=C(O)C=C(OC4OC(CO)C(O)C(O)C4OC4OC(C)C(O)C(O)C4O)C=C3O2)C=C1,0
280812,OC1=CC(O)=C2C[C@H](O)[C@@H](C3=CC(O)=C(O)C(O)=C3)OC2=C1,0
300824,O=C1C=C(C2=CC=CC=C2)OC2=C1C(OC1OC(CO)C(O)C(O)C1O)=CC=C2,0
302011,C[C@H](CCC(=O)O)[C@H]1CC[C@H]2[C@@H]3[C@@H](O)CC4C[C@@H](O)CC[C@]4(C)[C@H]3CC[C@@]21C,0
281757,COC1=CC=C2C[C@@H]3[C@@H]4CCCC[C@@]4(CCN3C)C2=C1,0
265821,CN(C)CCC(C1=CC=C(Cl)C=C1)C1=CC=CC=N1,0
283849,C[C@H](CCC(=O)O)[C@H]1CC[C@H]2[C@H]3[C@H](C[C@H](O)[C@@]21C)[C@@]1(C)CC[C@@H](O)C[C@H]1C[C@H]3O,0
265288,NCC(=O)NC(CC1=CC=CC=C1)C(=O)O,0
266883,N[C@@H](CC1=CC=CC=C1)C(=O)N[C@@H](CC1=CNC2=C1C=CC=C2)C(=O)O,0
265286,NC(N)=NCCCC(NC(=O)C1CCCN1)C(=O)O,0
291854,NC(CC1=CNC2=CC=CC=C12)C(=O)NC(CC1=CC=CC=C1)C(=O)O,0
265291,NC(CC1=CNC2=C1C=CC=C2)C(=O)NC(CC1=CNC2=CC=CC=C12)C(=O)O,0
